"family","scientificName","commonName","catalogNumber","catalogCode","country","stateProvince","municipality","locality"
"ACANTHACEAE","Justicia carnea Lindl.*",NA,"41146","SPSF","Brazil","São Paulo","Itapeva","EEc Itapeva"
"ACANTHACEAE","Ruellia geminiflora Kunth*","ipecaconha",NA,NA,"Brazil","São Paulo","Itapeva","EEc Itapeva"
"ANACARDIACEAE","Lithraea molleoides (Vell.) Engl.","aroeira-brava",NA,NA,"Brazil","São Paulo","Itapeva","EEc Itapeva"
"ANACARDIACEAE","Schinus terebinthifolius Raddi","aroeira-pimenteira",NA,NA,"Brazil","São Paulo","Itapeva","EEc Itapeva"
"ANACARDIACEAE","Tapirira guianensis Aubl.","peito-de-pombo",NA,NA,"Brazil","São Paulo","Itapeva","EEc Itapeva"
"ANNONACEAE","Annona crassiflora Mart.","araticum",NA,NA,"Brazil","São Paulo","Itapeva","EEc Itapeva"
"ANNONACEAE","Annona sp.",NA,NA,NA,"Brazil","São Paulo","Itapeva","EEc Itapeva"
"ANNONACEAE","Duguetia lanceolata A.St.-Hil.","pindaíba",NA,NA,"Brazil","São Paulo","Itapeva","EEc Itapeva"
"ANNONACEAE","Guatteria australis A.St.-Hil.","pindaíba","41091,41112,41130","SPSF","Brazil","São Paulo","Itapeva","EEc Itapeva"
"APIACEAE","Eryngium pristis Cham.  & Schltdl.*","língua-de-tucano",NA,NA,"Brazil","São Paulo","Itapeva","EEc Itapeva"
"APIACEAE","Eryngium sp.",NA,NA,NA,"Brazil","São Paulo","Itapeva","EEc Itapeva"
"APOCYNACEAE","Aspidosperma cylindrocarpon Müll.Arg.*","peroba-poca",NA,NA,"Brazil","São Paulo","Itapeva","EEc Itapeva"
"APOCYNACEAE","Aspidosperma subincanum Mart. ex A.DC","guatambu-vermelho",NA,NA,"Brazil","São Paulo","Itapeva","EEc Itapeva"
"APOCYNACEAE","Aspidosperma tomentosum  Mart.","guatambu",NA,NA,"Brazil","São Paulo","Itapeva","EEc Itapeva"
"APOCYNACEAE","Gonioanthela axillaris (Vell.)  Fontella  & E.A.Schwarz",NA,NA,NA,"Brazil","São Paulo","Itapeva","EEc Itapeva"
"APOCYNACEAE","Temnadenia violacea (Vell.) Miers",NA,"41153,41093","SPSF","Brazil","São Paulo","Itapeva","EEc Itapeva"
"AQUIFOLIACEAE","Ilex brasiliensis (Spreng.) Loes.","mate-falso","41128","SPSF","Brazil","São Paulo","Itapeva","EEc Itapeva"
"AQUIFOLIACEAE","Ilex paraguariensis A.St.-Hil.","erva-mate","41115","SPSF","Brazil","São Paulo","Itapeva","EEc Itapeva"
"AQUIFOLIACEAE","Ilex sp.",NA,NA,NA,"Brazil","São Paulo","Itapeva","EEc Itapeva"
"AQUIFOLIACEAE","Ilex theazans  Mart. ex Reissek*","caúna-amargosa","41120","SPSF","Brazil","São Paulo","Itapeva","EEc Itapeva"
"ARALIACEAE","Dendropanax cuneatus (DC.) Decne & Planch","maria-mole",NA,NA,"Brazil","São Paulo","Itapeva","EEc Itapeva"
"ARALIACEAE","Schefflera  morototoni (Aubl.)  Decne.  & Planch.*","mandioqueiro",NA,NA,"Brazil","São Paulo","Itapeva","EEc Itapeva"
"ARALIACEAE","Schefflera vinosa Marchal","mandioqueiro",NA,NA,"Brazil","São Paulo","Itapeva","EEc Itapeva"
"ARECACEAE","Attalea geraensis Barb. Rodr","catolé",NA,NA,"Brazil","São Paulo","Itapeva","EEc Itapeva"
"ARECACEAE","Geonoma  sp.",NA,NA,NA,"Brazil","São Paulo","Itapeva","EEc Itapeva"
"ARECACEAE","Syagrus romanzoffiana  (Cham.)  Glassman","jerivá",NA,NA,"Brazil","São Paulo","Itapeva","EEc Itapeva"
"ASTERACEAE","Baccharis dentata (Vell.)  G.M. Barroso*",NA,NA,NA,"Brazil","São Paulo","Itapeva","EEc Itapeva"
"ASTERACEAE","Baccharis dracunculifolia DC.","vassourinha",NA,NA,"Brazil","São Paulo","Itapeva","EEc Itapeva"
"ASTERACEAE","Baccharis genistelloides subsp. Crispa (Spreng.) Joch.Müll.","carqueja","41175","SPSF","Brazil","São Paulo","Itapeva","EEc Itapeva"
"ASTERACEAE","Baccharis sp.",NA,"41122","SPSF","Brazil","São Paulo","Itapeva","EEc Itapeva"
"ASTERACEAE","Calea pinnatifida (R.Br.) Less.*","erva-de-largato",NA,NA,"Brazil","São Paulo","Itapeva","EEc Itapeva"
"ASTERACEAE","Chresta sphaerocephala  DC.","chapéu-de-couro",NA,NA,"Brazil","São Paulo","Itapeva","EEc Itapeva"
"ASTERACEAE","Chrysanthellum sp.",NA,"41166","SPSF","Brazil","São Paulo","Itapeva","EEc Itapeva"
"ASTERACEAE","Gochnatia polymorpha (Less.)  Cabrera","candeia",NA,NA,"Brazil","São Paulo","Itapeva","EEc Itapeva"
"ASTERACEAE","Piptocarpha axillaris (Less.) Baker","vassourão",NA,NA,"Brazil","São Paulo","Itapeva","EEc Itapeva"
"ASTERACEAE","Piptocarpha macropoda  (DC.) Baker*","vassourão",NA,NA,"Brazil","São Paulo","Itapeva","EEc Itapeva"
"ASTERACEAE","Senecio sp.",NA,"41161","SPSF","Brazil","São Paulo","Itapeva","EEc Itapeva"
"ASTERACEAE","Symphyopappus cuneatus (DC.)  Sch.Bip.ex Baker *","eupatório",NA,NA,"Brazil","São Paulo","Itapeva","EEc Itapeva"
"BIGNONIACEAE","Cybistax antisyphilitica (Mart.) Mart.","ipê-verde",NA,NA,"Brazil","São Paulo","Itapeva","EEc Itapeva"
"BIGNONIACEAE","Fridericia speciosa Mart.*","cipó-vermelho","41160","SPSF","Brazil","São Paulo","Itapeva","EEc Itapeva"
"BIGNONIACEAE","Handroanthus  ochraceus  (Cham.)  Mattos","ipê-amarelo",NA,NA,"Brazil","São Paulo","Itapeva","EEc Itapeva"
"BIGNONIACEAE","Handroanthus chrysotrichus (Mart. Ex A.DC.)  Mattos*","ipê-amarelo",NA,NA,"Brazil","São Paulo","Itapeva","EEc Itapeva"
"BIGNONIACEAE","Jacaranda  decurrens Cham.*","carobinha",NA,NA,"Brazil","São Paulo","Itapeva","EEc Itapeva"
"BIGNONIACEAE","Jacaranda  macrantha Cham.","carobão",NA,NA,"Brazil","São Paulo","Itapeva","EEc Itapeva"
"BIGNONIACEAE","Jacaranda  oxyphylla Cham.","caroba-de-são-joão",NA,NA,"Brazil","São Paulo","Itapeva","EEc Itapeva"
"BIGNONIACEAE","Zeyheria tuberculosa (Vell.)  Bureau*","ipê-tabaco",NA,NA,"Brazil","São Paulo","Itapeva","EEc Itapeva"
"BORAGINACEAE","Cordia trichotoma (Vell.)  Arráb.  ex Steud.*","louro-pardo",NA,NA,"Brazil","São Paulo","Itapeva","EEc Itapeva"
"BROMELIACEAE","Aechmea  distichantha Lem.","caraguatá",NA,NA,"Brazil","São Paulo","Itapeva","EEc Itapeva"
"BROMELIACEAE","Ananas ananassoides (Baker)  L.B.Sm.*","abacaxi-do-cerrado",NA,NA,"Brazil","São Paulo","Itapeva","EEc Itapeva"
"BROMELIACEAE","Billbergia distachia (Vell.) Mez*","gravatá","41132","SPSF","Brazil","São Paulo","Itapeva","EEc Itapeva"
"BROMELIACEAE","Bromelia balansae Mez*","caraguatá",NA,NA,"Brazil","São Paulo","Itapeva","EEc Itapeva"
"BROMELIACEAE","Dyckia tuberosa (Vell.)  Beer*","gravatá","41123","SPSF","Brazil","São Paulo","Itapeva","EEc Itapeva"
"BROMELIACEAE","Tillandsia sp.",NA,"41098","SPSF","Brazil","São Paulo","Itapeva","EEc Itapeva"
"BROMELIACEAE","Tillandsia stricta Sol. ex Sims",NA,NA,NA,"Brazil","São Paulo","Itapeva","EEc Itapeva"
"BURSERACEAE","Protium sp.",NA,NA,NA,"Brazil","São Paulo","Itapeva","EEc Itapeva"
"CACTACEAE","Cereus hildmannianus K.Schum.*","mandacaru",NA,NA,"Brazil","São Paulo","Itapeva","EEc Itapeva"
"CAMPANULACEAE","Siphocampylus sulfureus E.Wimm.*",NA,"40124,41571","SPSF","Brazil","São Paulo","Itapeva","EEc Itapeva"
"CARYOCARACEAE","Caryocar brasiliense Cambess.","pequi","41117","SPSF","Brazil","São Paulo","Itapeva","EEc Itapeva"
"CELASTRACEAE","Maytenus evonymoides Reissek","laranjinha",NA,NA,"Brazil","São Paulo","Itapeva","EEc Itapeva"
"CELASTRACEAE","Maytenus robusta Reissek","cafezinho",NA,NA,"Brazil","São Paulo","Itapeva","EEc Itapeva"
"CELASTRACEAE","Plenckia populnea Reissek","mangabeira-brava",NA,NA,"Brazil","São Paulo","Itapeva","EEc Itapeva"
"CHRYSOBALANACEAE","Hirtella hebeclada Moric. ex DC.*","macucurana",NA,NA,"Brazil","São Paulo","Itapeva","EEc Itapeva"
"CLETHRACEAE","Clethra scabra Pers.","carne-de-vaca",NA,NA,"Brazil","São Paulo","Itapeva","EEc Itapeva"
"CLUSIACEAE","Kielmeyera variabilis Mart.& Zucc.*","malva-do-campo",NA,NA,"Brazil","São Paulo","Itapeva","EEc Itapeva"
"COMBRETACEAE","Terminalia triflora (Griseb.) Lillo*","amarelinho",NA,NA,"Brazil","São Paulo","Itapeva","EEc Itapeva"
"CONVOLVULACEAE","Convolvulus sp.",NA,NA,NA,"Brazil","São Paulo","Itapeva","EEc Itapeva"
"CONVOLVULACEAE","Ipomoea sp.",NA,"41106","SPSF","Brazil","São Paulo","Itapeva","EEc Itapeva"
"CONVOLVULACEAE","Jacquemontia ferruginea Choisy*",NA,"41164","SPSF","Brazil","São Paulo","Itapeva","EEc Itapeva"
"CUCURBITACEAE","Melancium campestre Naudin",NA,NA,NA,"Brazil","São Paulo","Itapeva","EEc Itapeva"
"CUNONIACEAE","Lamanonia ternata Vell.","cangalheiro","41140","SPSF","Brazil","São Paulo","Itapeva","EEc Itapeva"
"CYATHEACEAE","Cyathea atrovirens (Langsd. & Fisch.) Domin","xaxim-verde-escuro",NA,NA,"Brazil","São Paulo","Itapeva","EEc Itapeva"
"CYPERACEAE","Rhynchospora  corymbosa  (L.) Britton","capituva",NA,NA,"Brazil","São Paulo","Itapeva","EEc Itapeva"
"CYPERACEAE","Rhynchospora  exaltata Kunth*","periperi","41108","SPSF","Brazil","São Paulo","Itapeva","EEc Itapeva"
"CYPERACEAE","Rhynchospora  splendens Lindm.",NA,NA,NA,"Brazil","São Paulo","Itapeva","EEc Itapeva"
"CYPERACEAE","Rhynchospora consanguinea (Kunth) Boeckeler",NA,NA,NA,"Brazil","São Paulo","Itapeva","EEc Itapeva"
"CYPERACEAE","Scleria latifolia Sw.",NA,NA,NA,"Brazil","São Paulo","Itapeva","EEc Itapeva"
"DENNSTAEDTIACEAE","Pteridium aquilinum (L.) Kuhn*",NA,NA,NA,"Brazil","São Paulo","Itapeva","EEc Itapeva"
"DILLENIACEAE","Davilla rugosa Poir.","cipó-cabloco",NA,NA,"Brazil","São Paulo","Itapeva","EEc Itapeva"
"EBENACEAE","Diospyros hispida  A.DC.","caqui-do-cerrado",NA,NA,"Brazil","São Paulo","Itapeva","EEc Itapeva"
"ELAEOCARPACEAE","Sloanea monosperma  Vell.*","ouriço",NA,NA,"Brazil","São Paulo","Itapeva","EEc Itapeva"
"ERIOCAULACEAE","Eriocaulon sp.",NA,NA,NA,"Brazil","São Paulo","Itapeva","EEc Itapeva"
"ERIOCAULACEAE","Paepalanthus sp.",NA,NA,NA,"Brazil","São Paulo","Itapeva","EEc Itapeva"
"ERYTHROXYLACEAE","Erythroxylum cuneifolium (Mart.) O.E.Schulz.","mercúrio",NA,NA,"Brazil","São Paulo","Itapeva","EEc Itapeva"
"ERYTHROXYLACEAE","Erythroxylum deciduum A.St.-Hil.","cocão",NA,NA,"Brazil","São Paulo","Itapeva","EEc Itapeva"
"ERYTHROXYLACEAE","Erythroxylum sp.",NA,NA,NA,"Brazil","São Paulo","Itapeva","EEc Itapeva"
"ERYTHROXYLACEAE","Erythroxylum suberosum  A.St.-Hil.","galinha-choca",NA,NA,"Brazil","São Paulo","Itapeva","EEc Itapeva"
"EUPHORBIACEAE","Alchornea triplinervia (Spreng.) Müll.Arg.","tapiá",NA,NA,"Brazil","São Paulo","Itapeva","EEc Itapeva"
"EUPHORBIACEAE","Croton floribundus Spreng.","capixingui",NA,NA,"Brazil","São Paulo","Itapeva","EEc Itapeva"
"EUPHORBIACEAE","Croton serpyllifolius Baill.*",NA,"41168","SPSF","Brazil","São Paulo","Itapeva","EEc Itapeva"
"EUPHORBIACEAE","Sebastiania brasiliensis Spreng.*","leiteiro-de-folha-fina",NA,NA,"Brazil","São Paulo","Itapeva","EEc Itapeva"
"EUPHORBIACEAE","Sebastiania klotzschiana (Müll.Arg.) Müll.Arg.*","branquilla","41137,","SPSF","Brazil","São Paulo","Itapeva","EEc Itapeva"
"FABACEAE","Acosmium subelegans (Mohlenbr.) Yakovlev","amendoim-falso",NA,NA,"Brazil","São Paulo","Itapeva","EEc Itapeva"
"FABACEAE","Anadenanthera  colubrina  (Vell.)  Brenan  var.","angico-branco","41129,","SPSF","Brazil","São Paulo","Itapeva","EEc Itapeva"
"FABACEAE","Anadenanthera peregrina var. falcata (Benth.) Altschul","angico-do-cerrado",NA,NA,"Brazil","São Paulo","Itapeva","EEc Itapeva"
"FABACEAE","Bauhinia brevipes Vogel*",NA,NA,NA,"Brazil","São Paulo","Itapeva","EEc Itapeva"
"FABACEAE","Bauhinia forficata Link*","unha-de-vaca",NA,NA,"Brazil","São Paulo","Itapeva","EEc Itapeva"
"FABACEAE","Bauhinia holophylla (Bong.) Steud.*","pata-de-vaca","41172","SPSF","Brazil","São Paulo","Itapeva","EEc Itapeva"
"FABACEAE","Bauhinia longifolia (Bong.) Steud.",NA,NA,NA,"Brazil","São Paulo","Itapeva","EEc Itapeva"
"FABACEAE","Bauhinia sp.1",NA,NA,NA,"Brazil","São Paulo","Itapeva","EEc Itapeva"
"FABACEAE","Bauhinia sp.2",NA,NA,NA,"Brazil","São Paulo","Itapeva","EEc Itapeva"
"FABACEAE","Calliandra dysantha  Benth.*",NA,NA,NA,"Brazil","São Paulo","Itapeva","EEc Itapeva"
"FABACEAE","Camptosema  scarlatinum  (Mart.  ex  Benth.) Burkart.*",NA,"41096","SPSF","Brazil","São Paulo","Itapeva","EEc Itapeva"
"FABACEAE","Cassia ferruginea (Schrad.) Schrad.ex  DC.*",NA,NA,NA,"Brazil","São Paulo","Itapeva","EEc Itapeva"
"FABACEAE","Chamaecrista  cathartica  (Mart.)  H.S.Irwin  & Barneby","sene-do-campo",NA,NA,"Brazil","São Paulo","Itapeva","EEc Itapeva"
"FABACEAE","Chamaecrista desvauxii var. langsdorffii (Kunth ex  Vogel)  H.S.Irwin  & Barneby*","sene","41173","SPSF","Brazil","São Paulo","Itapeva","EEc Itapeva"
"FABACEAE","Copaifera langsdorffii Desf.","copaíba",NA,NA,"Brazil","São Paulo","Itapeva","EEc Itapeva"
"FABACEAE","Dalbergia miscolobium Benth.","caviúna-do-campo",NA,NA,"Brazil","São Paulo","Itapeva","EEc Itapeva"
"FABACEAE","Inga marginata Willd.*","ingá-feijão",NA,NA,"Brazil","São Paulo","Itapeva","EEc Itapeva"
"FABACEAE","Leucochloron incuriale (Vell.)  Barneby  & J.W.Grimes*","angico-rajado",NA,NA,"Brazil","São Paulo","Itapeva","EEc Itapeva"
"FABACEAE","Machaerium acutifolium Vogel","jacarandá-do-campo","41092","SPSF","Brazil","São Paulo","Itapeva","EEc Itapeva"
"FABACEAE","Machaerium hirtum (Vell.)  Stellfeld*","barreiro",NA,NA,"Brazil","São Paulo","Itapeva","EEc Itapeva"
"FABACEAE","Machaerium nyctitans (Vell.)  Benth.*","bico-de-andorinha",NA,NA,"Brazil","São Paulo","Itapeva","EEc Itapeva"
"FABACEAE","Mimosa dolens Vell.","juquiri",NA,NA,"Brazil","São Paulo","Itapeva","EEc Itapeva"
"FABACEAE","Ormosia arborea  (Vell.)  Harms*","olho-de-cabra",NA,NA,"Brazil","São Paulo","Itapeva","EEc Itapeva"
"FABACEAE","Periandra mediterranea  (Vell.)  Taub.","alcaçuz-do-cerrado",NA,NA,"Brazil","São Paulo","Itapeva","EEc Itapeva"
"FABACEAE","Piptadenia gonoacantha   (Mart.) J.F.Macbr.",NA,NA,NA,"Brazil","São Paulo","Itapeva","EEc Itapeva"
"FABACEAE","Senna rugosa (G.Don) H.S.Irwin  & Barneby",NA,NA,NA,"Brazil","São Paulo","Itapeva","EEc Itapeva"
"FABACEAE","Senna splendida (Vogel) H.S.Irwin & Barneby*",NA,NA,NA,"Brazil","São Paulo","Itapeva","EEc Itapeva"
"FABACEAE","Stryphnodendron  adstringens (Mart.) Coville","barbatimão-",NA,NA,"Brazil","São Paulo","Itapeva","EEc Itapeva"
"FABACEAE","Tachigali denudata (Vogel)  Oliveira-Filho*",NA,NA,NA,"Brazil","São Paulo","Itapeva","EEc Itapeva"
"GESNERIACEAE","Sinningia allagophylla (Mart.) Wiehler*","batata-de-perdiz",NA,NA,"Brazil","São Paulo","Itapeva","EEc Itapeva"
"IRIDACEAE","Sisyrinchium vaginatum Spreng.",NA,NA,NA,"Brazil","São Paulo","Itapeva","EEc Itapeva"
"IRIDACEAE","Trimezia juncifolia Klatt*","ruibarbo-amarelo","41116","SPSF","Brazil","São Paulo","Itapeva","EEc Itapeva"
"LAMIACEAE","Aegiphila lhotskiana Cham.","tamanqueira","41118","SPSF","Brazil","São Paulo","Itapeva","EEc Itapeva"
"LAMIACEAE","Aegiphila verticillata Vell.",NA,NA,NA,"Brazil","São Paulo","Itapeva","EEc Itapeva"
"LAMIACEAE","Vitex polygama Cham.","tarumã-do-cerrado",NA,NA,"Brazil","São Paulo","Itapeva","EEc Itapeva"
"LAMIACEAE","Vitex sp.",NA,NA,NA,"Brazil","São Paulo","Itapeva","EEc Itapeva"
"LAURACEAE","Cinnamomum  sellowianum  (Nees  &  Mart.) Kosterm.*","canela",NA,NA,"Brazil","São Paulo","Itapeva","EEc Itapeva"
"LAURACEAE","Endlicheria paniculata (Spreng.) J.F.Macbr.",NA,NA,NA,"Brazil","São Paulo","Itapeva","EEc Itapeva"
"LAURACEAE","Nectandra  megapotamica (Spreng.) Mez*","canelinha",NA,NA,"Brazil","São Paulo","Itapeva","EEc Itapeva"
"LAURACEAE","Nectandra  oppositifolia Nees","canela-ferrugem",NA,NA,"Brazil","São Paulo","Itapeva","EEc Itapeva"
"LAURACEAE","Ocotea corymbosa  (Meisn.) Mez.","canelinha-do-cerrado",NA,NA,"Brazil","São Paulo","Itapeva","EEc Itapeva"
"LAURACEAE","Ocotea lancifolia (Schott) Mez",NA,NA,NA,"Brazil","São Paulo","Itapeva","EEc Itapeva"
"LAURACEAE","Ocotea nutans (Nees) Mez*",NA,NA,NA,"Brazil","São Paulo","Itapeva","EEc Itapeva"
"LAURACEAE","Ocotea odorifera (Vell.)  Rohwer*","canela-de-cheiro",NA,NA,"Brazil","São Paulo","Itapeva","EEc Itapeva"
"LAURACEAE","Ocotea pulchella (Nees & Mart.) Mez","canela-do-cerrado","41165,","SPSF","Brazil","São Paulo","Itapeva","EEc Itapeva"
"LAURACEAE","Ocotea tristis (Nees & Mart.) Mez",NA,NA,NA,"Brazil","São Paulo","Itapeva","EEc Itapeva"
"LAURACEAE","Persea alba Nees*",NA,"41111","SPSF","Brazil","São Paulo","Itapeva","EEc Itapeva"
"LAURACEAE","Persea willdenovii Kosterm.","abacateiro-do-mato",NA,NA,"Brazil","São Paulo","Itapeva","EEc Itapeva"
"LORANTHACEAE","Struthanthus  vulgaris Mart. ex  Eichler*","erva-de-passarinho","41089","SPSF","Brazil","São Paulo","Itapeva","EEc Itapeva"
"LYCOPODIACEAE","Lycopodiella camporum B.Øllg. P.G.Windisch*","&",NA,NA,"Brazil","São Paulo","Itapeva","EEc Itapeva"
"LYCOPODIACEAE","Lycopodiella cernua (L.) Pic.Serm.",NA,NA,NA,"Brazil","São Paulo","Itapeva","EEc Itapeva"
"LYTHRACEAE","Cuphea racemosa  (L.f.) Spreng.*",NA,NA,NA,"Brazil","São Paulo","Itapeva","EEc Itapeva"
"LYTHRACEAE","Lafoensia nummularifolia A.St.-Hil.",NA,NA,NA,"Brazil","São Paulo","Itapeva","EEc Itapeva"
"LYTHRACEAE","Lafoensia pacari A.St.-Hil.","dedaleiro",NA,NA,"Brazil","São Paulo","Itapeva","EEc Itapeva"
"MAGNOLIACEAE","Magnolia ovata (A.St.-Hil.)  Spreng.","magnólia-do-brejo",NA,NA,"Brazil","São Paulo","Itapeva","EEc Itapeva"
"MALPIGHIACEAE","Banisteriopsis sp 1",NA,"41167","SPSF","Brazil","São Paulo","Itapeva","EEc Itapeva"
"MALPIGHIACEAE","Banisteriopsis sp 2",NA,NA,NA,"Brazil","São Paulo","Itapeva","EEc Itapeva"
"MALPIGHIACEAE","Byrsonima coccolobifolia Kunth","murici",NA,NA,"Brazil","São Paulo","Itapeva","EEc Itapeva"
"MALPIGHIACEAE","Byrsonima guilleminiana A.Juss.*","murici","41110","SPSF","Brazil","São Paulo","Itapeva","EEc Itapeva"
"MALPIGHIACEAE","Byrsonima intermedia A.Juss.","murici","41159,","SPSF","Brazil","São Paulo","Itapeva","EEc Itapeva"
"MALPIGHIACEAE","Heteropterys  sp.",NA,"41169","SPSF","Brazil","São Paulo","Itapeva","EEc Itapeva"
"MALPIGHIACEAE","Malpighia sp.",NA,NA,NA,"Brazil","São Paulo","Itapeva","EEc Itapeva"
"MALVACEAE","Abutilon sp.",NA,NA,NA,"Brazil","São Paulo","Itapeva","EEc Itapeva"
"MALVACEAE","Guazuma  ulmifolia Lam.","mutambo",NA,NA,"Brazil","São Paulo","Itapeva","EEc Itapeva"
"MALVACEAE","Luehea candicans Mart. & Zucc.*","açoita-cavalo",NA,NA,"Brazil","São Paulo","Itapeva","EEc Itapeva"
"MALVACEAE","Luehea divaricata Mart. & Zucc.*","açoita-cavalo",NA,NA,"Brazil","São Paulo","Itapeva","EEc Itapeva"
"MALVACEAE","Luehea grandiflora Mart. & Zucc.*","açoita-cavalo-do-","41139","SPSF","Brazil","São Paulo","Itapeva","EEc Itapeva"
"MALVACEAE","Pseudobombax grandiflorum (Cav.) A.Robyns*","embiruçu",NA,NA,"Brazil","São Paulo","Itapeva","EEc Itapeva"
"MALVACEAE","Waltheria sp.",NA,"41174","SPSF","Brazil","São Paulo","Itapeva","EEc Itapeva"
"MELASTOMATACEAE","Acisanthera alsinaefolia (DC.) Triana","quaresmeira-do-brejo","41163","SPSF","Brazil","São Paulo","Itapeva","EEc Itapeva"
"MELASTOMATACEAE","Leandra lacunosa Cogn.*",NA,"41109,","SPSF","Brazil","São Paulo","Itapeva","EEc Itapeva"
"MELASTOMATACEAE","Leandra melastomoides Raddi*",NA,"41157","SPSF","Brazil","São Paulo","Itapeva","EEc Itapeva"
"MELASTOMATACEAE","Leandra sp.",NA,"41138","SPSF","Brazil","São Paulo","Itapeva","EEc Itapeva"
"MELASTOMATACEAE","Miconia albicans (Sw.) Triana","quaresmeira-branca","41125","SPSF","Brazil","São Paulo","Itapeva","EEc Itapeva"
"MELASTOMATACEAE","Miconia chamissois Naudin.","folha-de-bolo",NA,NA,"Brazil","São Paulo","Itapeva","EEc Itapeva"
"MELASTOMATACEAE","Miconia ligustroides (DC.) Naudin","jacatirão-do-brejo",NA,NA,"Brazil","São Paulo","Itapeva","EEc Itapeva"
"MELASTOMATACEAE","Miconia sp.1",NA,"41094","SPSF","Brazil","São Paulo","Itapeva","EEc Itapeva"
"MELASTOMATACEAE","Miconia sp.2",NA,"41105","SPSF","Brazil","São Paulo","Itapeva","EEc Itapeva"
"MELASTOMATACEAE","Miconia sp.3",NA,"41131","SPSF","Brazil","São Paulo","Itapeva","EEc Itapeva"
"MELASTOMATACEAE","Miconia theaezans (Bonpl.) Cogn.","jacatirão-branco",NA,NA,"Brazil","São Paulo","Itapeva","EEc Itapeva"
"MELASTOMATACEAE","Microlicia isophylla DC.*",NA,NA,NA,"Brazil","São Paulo","Itapeva","EEc Itapeva"
"MELASTOMATACEAE","Tibouchina gracilis (Bonpl.) Cogn.*","quaresmeira-do-brejo","41162","SPSF","Brazil","São Paulo","Itapeva","EEc Itapeva"
"MELASTOMATACEAE","Tibouchina granulosa (Desr.) Cogn.*","quaresmeira-roxa",NA,NA,"Brazil","São Paulo","Itapeva","EEc Itapeva"
"MELASTOMATACEAE","Tibouchina sp.",NA,NA,NA,"Brazil","São Paulo","Itapeva","EEc Itapeva"
"MELIACEAE","Cabralea canjerana (Vell.)  Mart.","canjarana",NA,NA,"Brazil","São Paulo","Itapeva","EEc Itapeva"
"MELIACEAE","Cedrela fissilis Vell.","cedro",NA,NA,"Brazil","São Paulo","Itapeva","EEc Itapeva"
"MELIACEAE","Cedrela odorata  L.*","cedro-do-brejo",NA,NA,"Brazil","São Paulo","Itapeva","EEc Itapeva"
"MELIACEAE","Guarea  macrophylla subsp. Tuberculata (Vahl)  T.D.Penn.","marinheiro-do-brejo",NA,NA,"Brazil","São Paulo","Itapeva","EEc Itapeva"
"MONIMIACEAE","Mollinedia micrantha Perkins*","pimentinha","41102","SPSF","Brazil","São Paulo","Itapeva","EEc Itapeva"
"MONIMIACEAE","Mollinedia schottiana (Spreng.) Perkins*",NA,"41100","SPSF","Brazil","São Paulo","Itapeva","EEc Itapeva"
"MORACEAE","Brosimum gaudichaudii Trécul*","mama-de-cadela",NA,NA,"Brazil","São Paulo","Itapeva","EEc Itapeva"
"MORACEAE","Ficus luschnathiana (Miq.) Miq.","figueira-vermelha",NA,NA,"Brazil","São Paulo","Itapeva","EEc Itapeva"
"MORACEAE","Ficus sp.",NA,NA,NA,"Brazil","São Paulo","Itapeva","EEc Itapeva"
"MORACEAE","Maclura tinctoria (L.)  D.Don.  ex  Steud. subsp. Tinctoria*","taiúva",NA,NA,"Brazil","São Paulo","Itapeva","EEc Itapeva"
"MORACEAE","Sorocea  bonplandii  (Baill.)  Burger,  Lanj.  & Wess.Boer*","canxim",NA,NA,"Brazil","São Paulo","Itapeva","EEc Itapeva"
"MYRSINACEAE","Cybianthus densicomus Mart.",NA,"41127,","SPSF","Brazil","São Paulo","Itapeva","EEc Itapeva"
"MYRSINACEAE","Myrsine  coriacea  (Sw.)  R.Br.  ex  Roem.  & Schult.","capororoca","41088,","SPSF","Brazil","São Paulo","Itapeva","EEc Itapeva"
"MYRSINACEAE","Myrsine balansae (Mez)  Arechav.*",NA,NA,NA,"Brazil","São Paulo","Itapeva","EEc Itapeva"
"MYRSINACEAE","Myrsine gardneriana A.DC.","capororoca",NA,NA,"Brazil","São Paulo","Itapeva","EEc Itapeva"
"MYRSINACEAE","Myrsine lancifolia Mart. *","capororoca",NA,NA,"Brazil","São Paulo","Itapeva","EEc Itapeva"
"MYRSINACEAE","Myrsine umbellata Mart.","capororoca",NA,NA,"Brazil","São Paulo","Itapeva","EEc Itapeva"
"MYRTACEAE","Calyptranthes concinna DC.","guamirim-facho",NA,NA,"Brazil","São Paulo","Itapeva","EEc Itapeva"
"MYRTACEAE","Campomanesia pubescens  (DC.) O.Berg.","gabiroba-do-campo",NA,NA,"Brazil","São Paulo","Itapeva","EEc Itapeva"
"MYRTACEAE","Eugenia bimarginata DC.","falsa-cagaita",NA,NA,"Brazil","São Paulo","Itapeva","EEc Itapeva"
"MYRTACEAE","Eugenia hiemalis Cambess.","cambuí-do-campo",NA,NA,"Brazil","São Paulo","Itapeva","EEc Itapeva"
"MYRTACEAE","Eugenia pitanga (O.Berg). Kiaersk.*","pitanga-do-cerrado",NA,NA,"Brazil","São Paulo","Itapeva","EEc Itapeva"
"MYRTACEAE","Gomidesia sp.",NA,NA,NA,"Brazil","São Paulo","Itapeva","EEc Itapeva"
"MYRTACEAE","Myrcia albotomentosa  DC.*","mircia",NA,NA,"Brazil","São Paulo","Itapeva","EEc Itapeva"
"MYRTACEAE","Myrcia guianensis (Aubl.) DC.*","brasa-viva",NA,NA,"Brazil","São Paulo","Itapeva","EEc Itapeva"
"MYRTACEAE","Myrcia laruotteana Cambess.","cambuí",NA,NA,"Brazil","São Paulo","Itapeva","EEc Itapeva"
"MYRTACEAE","Myrcia multiflora (Lam.) DC.","cambuí",NA,NA,"Brazil","São Paulo","Itapeva","EEc Itapeva"
"MYRTACEAE","Myrcia pulchra (O.Berg) Kiaersk.*",NA,NA,NA,"Brazil","São Paulo","Itapeva","EEc Itapeva"
"MYRTACEAE","Myrcia sp.",NA,NA,NA,"Brazil","São Paulo","Itapeva","EEc Itapeva"
"MYRTACEAE","Myrcia tomentosa (Aub.)  DC.","goiabeira-brava",NA,NA,"Brazil","São Paulo","Itapeva","EEc Itapeva"
"MYRTACEAE","Myrcia venulosa DC.",NA,NA,NA,"Brazil","São Paulo","Itapeva","EEc Itapeva"
"MYRTACEAE","Myrciaria tenella (DC.) O.Berg*","cambuí",NA,NA,"Brazil","São Paulo","Itapeva","EEc Itapeva"
"MYRTACEAE","Psidium australe Cambess.","araçá",NA,NA,"Brazil","São Paulo","Itapeva","EEc Itapeva"
"MYRTACEAE","Psidium grandifolium DC.","araçá",NA,NA,"Brazil","São Paulo","Itapeva","EEc Itapeva"
"MYRTACEAE","Psidium sp.",NA,NA,NA,"Brazil","São Paulo","Itapeva","EEc Itapeva"
"NYCTAGINACEAE","Guapira opposita (Vell.)  Reitz*","maria-mole",NA,NA,"Brazil","São Paulo","Itapeva","EEc Itapeva"
"OCHNACEAE","Ouratea sp.",NA,NA,NA,"Brazil","São Paulo","Itapeva","EEc Itapeva"
"OCHNACEAE","Ouratea spectabilis Engl.","batiputá","41097","SPSF","Brazil","São Paulo","Itapeva","EEc Itapeva"
"OLEACEAE","Chionanthus filiformis (Vell.) P.S.Green*","carne-de-vaca",NA,NA,"Brazil","São Paulo","Itapeva","EEc Itapeva"
"OXALIDACEAE","Oxalis cytisoides Mart. & Zucc.*",NA,"41136","SPSF","Brazil","São Paulo","Itapeva","EEc Itapeva"
"PERACEAE","Pera glabrata (Schott) Poepp.  ex Baill.","sapateiro",NA,NA,"Brazil","São Paulo","Itapeva","EEc Itapeva"
"PHYLLANTHACEAE","Hyeronima alchorneoides Allemão","licurana",NA,NA,"Brazil","São Paulo","Itapeva","EEc Itapeva"
"PIPERACEAE","Piper gaudichaudianum  Kunth*",NA,"41158","SPSF","Brazil","São Paulo","Itapeva","EEc Itapeva"
"POACEAE","Elionurus muticus (Spreng.) Kuntze*",NA,"41170","SPSF","Brazil","São Paulo","Itapeva","EEc Itapeva"
"POACEAE","Ichnanthus  calvescens Nees*",NA,"41133","SPSF","Brazil","São Paulo","Itapeva","EEc Itapeva"
"PODOCARPACEAE","Podocarpus  sellowii Klotzsch ex Endl.","pinheiro-bravo",NA,NA,"Brazil","São Paulo","Itapeva","EEc Itapeva"
"PROTEACEAE","Roupala montana  Aubl.","carne-de-vaca",NA,NA,"Brazil","São Paulo","Itapeva","EEc Itapeva"
"RHAMNACEAE","Colubrina glandulosa Perkins","saraguagi-vermelho",NA,NA,"Brazil","São Paulo","Itapeva","EEc Itapeva"
"RHAMNACEAE","Rhamnus  sphaerosperma  Sw.","canjica","41104","SPSF","Brazil","São Paulo","Itapeva","EEc Itapeva"
"ROSACEAE","Prunus myrtifolia (L.) Urb.","pessegueiro-bravo",NA,NA,"Brazil","São Paulo","Itapeva","EEc Itapeva"
"ROSACEAE","Rubus brasiliensis Mart.","amora-branca",NA,NA,"Brazil","São Paulo","Itapeva","EEc Itapeva"
"RUBIACEAE","Amaioua intermedia Mart.*","café-do-mato",NA,NA,"Brazil","São Paulo","Itapeva","EEc Itapeva"
"RUBIACEAE","Coccocypselum  lanceolatum  (Ruiz  &  Pav.) Pers.","piririca","41135","SPSF","Brazil","São Paulo","Itapeva","EEc Itapeva"
"RUBIACEAE","Cordiera  myrciifolia  (K.Schum.)  C.H.Perss. & Delprete*","marmelinho-da-mata",NA,NA,"Brazil","São Paulo","Itapeva","EEc Itapeva"
"RUBIACEAE","Cordiera concolor (Cham.)  Kuntze.","marmelada",NA,NA,"Brazil","São Paulo","Itapeva","EEc Itapeva"
"RUBIACEAE","Coussarea  sp.",NA,"41155","SPSF","Brazil","São Paulo","Itapeva","EEc Itapeva"
"RUBIACEAE","Guettarda  viburnoides Cham. & Schltdl.","jangada",NA,NA,"Brazil","São Paulo","Itapeva","EEc Itapeva"
"RUBIACEAE","Ixora venulosa Benth.*","ixora",NA,NA,"Brazil","São Paulo","Itapeva","EEc Itapeva"
"RUBIACEAE","Manettia cordifolia Mart.*","cipó-de-santo-","41134","SPSF","Brazil","São Paulo","Itapeva","EEc Itapeva"
"RUBIACEAE","Margaritopsis  cephalantha  (Müll.Arg.)  C.M. Taylor*",NA,NA,NA,"Brazil","São Paulo","Itapeva","EEc Itapeva"
"RUBIACEAE","Palicourea rigida Kunth","douradinha","41121","SPSF","Brazil","São Paulo","Itapeva","EEc Itapeva"
"RUBIACEAE","Posoqueria acutifolia Mart.","laranja-de-macaco",NA,NA,"Brazil","São Paulo","Itapeva","EEc Itapeva"
"RUBIACEAE","Psychotria leiocarpa Cham. & Schltdl.",NA,"41101","SPSF","Brazil","São Paulo","Itapeva","EEc Itapeva"
"RUBIACEAE","Psychotria sp.1",NA,"41145","SPSF","Brazil","São Paulo","Itapeva","EEc Itapeva"
"RUBIACEAE","Psychotria sp.2",NA,NA,NA,"Brazil","São Paulo","Itapeva","EEc Itapeva"
"RUBIACEAE","Psychotria vellosiana Benth.*","erva-de-rato-de-","41090","SPSF","Brazil","São Paulo","Itapeva","EEc Itapeva"
"RUBIACEAE","Randia armata (Sw.) DC.","fruta-de-jacaré",NA,NA,"Brazil","São Paulo","Itapeva","EEc Itapeva"
"RUTACEAE","Esenbeckia grandiflora Mart.","pau-de-cotia",NA,NA,"Brazil","São Paulo","Itapeva","EEc Itapeva"
"RUTACEAE","Helietta apiculata Benth.","amarelinho","41099","SPSF","Brazil","São Paulo","Itapeva","EEc Itapeva"
"SALICACEAE","Casearia lasiophylla Eichler*","cambroé",NA,NA,"Brazil","São Paulo","Itapeva","EEc Itapeva"
"SALICACEAE","Casearia obliqua Spreng.*","guaçatonga",NA,NA,"Brazil","São Paulo","Itapeva","EEc Itapeva"
"SALICACEAE","Casearia sylvestris Sw.","guaçatonga",NA,NA,"Brazil","São Paulo","Itapeva","EEc Itapeva"
"SANTALACEAE","Phoradendron  sp.",NA,"41143","SPSF","Brazil","São Paulo","Itapeva","EEc Itapeva"
"SAPINDACEAE","Allophylus  edulis (A.St.-Hil.,  Cambess.  & A.Juss.)  Radlk.","três-folhas",NA,NA,"Brazil","São Paulo","Itapeva","EEc Itapeva"
"SAPINDACEAE","Cupania vernalis Cambess.","arco-de-peneira",NA,NA,"Brazil","São Paulo","Itapeva","EEc Itapeva"
"SAPINDACEAE","Cupania zanthoxyloides  Cambess.",NA,"41154","SPSF","Brazil","São Paulo","Itapeva","EEc Itapeva"
"SAPINDACEAE","Matayba elaeagnoides Radlk.","cuvantã",NA,NA,"Brazil","São Paulo","Itapeva","EEc Itapeva"
"SAPOTACEAE","Chrysophyllum  marginatum  (Hook.  &  Arn.) Radlk.","aguaí",NA,NA,"Brazil","São Paulo","Itapeva","EEc Itapeva"
"SAPOTACEAE","Pouteria gardneri (Mart. & Miq.) Baehni*","sapoti-vermelho",NA,NA,"Brazil","São Paulo","Itapeva","EEc Itapeva"
"SAPOTACEAE","Pradosia brevipes (Pierre) T.D.Penn.*",NA,"41119","SPSF","Brazil","São Paulo","Itapeva","EEc Itapeva"
"SMILACACEAE","Smilax elastica Griseb.*","japecanga",NA,NA,"Brazil","São Paulo","Itapeva","EEc Itapeva"
"SOLANACEAE","Calibrachoa  micrantha (FRIES)  Stehmann & Semir",NA,NA,NA,"Brazil","São Paulo","Itapeva","EEc Itapeva"
"SOLANACEAE","Cestrum corymbosum  Schltdl.","coerana-amarela",NA,NA,"Brazil","São Paulo","Itapeva","EEc Itapeva"
"SOLANACEAE","Solandra grandiflora Sw.*",NA,"41113","SPSF","Brazil","São Paulo","Itapeva","EEc Itapeva"
"SOLANACEAE","Solanum lycocarpum  A.St.-Hil.","fruta-de-lobo",NA,NA,"Brazil","São Paulo","Itapeva","EEc Itapeva"
"SOLANACEAE","Solanum sanctae-catarinae  Dunal*","joá-manso",NA,NA,"Brazil","São Paulo","Itapeva","EEc Itapeva"
"SOLANACEAE","Solanum sp.",NA,"41156","SPSF","Brazil","São Paulo","Itapeva","EEc Itapeva"
"STYRACACEAE","Styrax camporum  Pohl","laranjeira-do-mato","41152,","SPSF","Brazil","São Paulo","Itapeva","EEc Itapeva"
"STYRACACEAE","Styrax ferrugineus Ness & Mart.","laranjeira-do-campo",NA,NA,"Brazil","São Paulo","Itapeva","EEc Itapeva"
"STYRACACEAE","Styrax latifolius Pohl*","canela-póca",NA,NA,"Brazil","São Paulo","Itapeva","EEc Itapeva"
"STYRACACEAE","Styrax pohlii A.DC.*","estoraque",NA,NA,"Brazil","São Paulo","Itapeva","EEc Itapeva"
"SYMPLOCACEAE","Symplocos pubescens Klotzsch  ex Benth.",NA,NA,NA,"Brazil","São Paulo","Itapeva","EEc Itapeva"
"SYMPLOCACEAE","Symplocos sp.1",NA,NA,NA,"Brazil","São Paulo","Itapeva","EEc Itapeva"
"SYMPLOCACEAE","Symplocos sp.2",NA,NA,NA,"Brazil","São Paulo","Itapeva","EEc Itapeva"
"SYMPLOCACEAE","Symplocos tenuifolia Brand",NA,NA,NA,"Brazil","São Paulo","Itapeva","EEc Itapeva"
"THYMELAEACEAE","Daphnopsis fasciculata (Meisn.) Neul","embira",NA,NA,"Brazil","São Paulo","Itapeva","EEc Itapeva"
"URTICACEAE","Cecropia sp.",NA,NA,NA,"Brazil","São Paulo","Itapeva","EEc Itapeva"
"VERBENACEAE","Lantana fucata Lindl.*","cambará-roxo",NA,NA,"Brazil","São Paulo","Itapeva","EEc Itapeva"
"VERBENACEAE","Lippia lupulina Cham.","rosa-do-campo",NA,NA,"Brazil","São Paulo","Itapeva","EEc Itapeva"
"VIOLACEAE","Anchietea pyrifolia (Mart.) G.Don*",NA,"41148","SPSF","Brazil","São Paulo","Itapeva","EEc Itapeva"
"VOCHYSIACEAE","Callisthene castellanosii H.F.Martins",NA,NA,NA,"Brazil","São Paulo","Itapeva","EEc Itapeva"
"VOCHYSIACEAE","Qualea cordata Spreng.","pau-terra","41107","SPSF","Brazil","São Paulo","Itapeva","EEc Itapeva"
"VOCHYSIACEAE","Qualea grandiflora Mart.","pau-terra",NA,NA,"Brazil","São Paulo","Itapeva","EEc Itapeva"
"VOCHYSIACEAE","Vochysia tucanorum  Mart.","cinzeiro",NA,NA,"Brazil","São Paulo","Itapeva","EEc Itapeva"
"WINTERACEAE","Drymis angustifolia Miers",NA,"41151","SPSF","Brazil","São Paulo","Itapeva","EEc Itapeva"
"XYRIDACEAE","Xyris savanensis Miq.*",NA,NA,NA,"Brazil","São Paulo","Itapeva","EEc Itapeva"
"XYRIDACEAE","Xyris sp.",NA,NA,NA,"Brazil","São Paulo","Itapeva","EEc Itapeva"
NA,NA,NA,NA,NA,"Brazil","São Paulo","Itapeva","EEc Itapeva"
NA,NA,NA,NA,NA,"Brazil","São Paulo","Itapeva","EEc Itapeva"
NA,NA,NA,NA,NA,"Brazil","São Paulo","Itapeva","EEc Itapeva"
NA,NA,NA,NA,NA,"Brazil","São Paulo","Itapeva","EEc Itapeva"
NA,NA,NA,NA,NA,"Brazil","São Paulo","Itapeva","EEc Itapeva"
NA,NA,NA,NA,NA,"Brazil","São Paulo","Itapeva","EEc Itapeva"
NA,NA,NA,NA,NA,"Brazil","São Paulo","Itapeva","EEc Itapeva"
NA,NA,NA,NA,NA,"Brazil","São Paulo","Itapeva","EEc Itapeva"
NA,NA,NA,NA,NA,"Brazil","São Paulo","Itapeva","EEc Itapeva"
NA,NA,NA,NA,NA,"Brazil","São Paulo","Itapeva","EEc Itapeva"
NA,NA,NA,NA,NA,"Brazil","São Paulo","Itapeva","EEc Itapeva"
NA,NA,NA,NA,NA,"Brazil","São Paulo","Itapeva","EEc Itapeva"
NA,NA,NA,NA,NA,"Brazil","São Paulo","Itapeva","EEc Itapeva"
NA,NA,NA,NA,NA,"Brazil","São Paulo","Itapeva","EEc Itapeva"
NA,NA,NA,NA,NA,"Brazil","São Paulo","Itapeva","EEc Itapeva"
NA,NA,NA,NA,NA,"Brazil","São Paulo","Itapeva","EEc Itapeva"
NA,NA,NA,NA,NA,"Brazil","São Paulo","Itapeva","EEc Itapeva"
NA,NA,NA,NA,NA,"Brazil","São Paulo","Itapeva","EEc Itapeva"
NA,NA,NA,NA,NA,"Brazil","São Paulo","Itapeva","EEc Itapeva"
NA,NA,NA,NA,NA,"Brazil","São Paulo","Itapeva","EEc Itapeva"
NA,NA,NA,NA,NA,"Brazil","São Paulo","Itapeva","EEc Itapeva"
NA,NA,NA,NA,NA,"Brazil","São Paulo","Itapeva","EEc Itapeva"
NA,NA,NA,NA,NA,"Brazil","São Paulo","Itapeva","EEc Itapeva"
NA,NA,NA,NA,NA,"Brazil","São Paulo","Itapeva","EEc Itapeva"
NA,NA,NA,NA,NA,"Brazil","São Paulo","Itapeva","EEc Itapeva"
NA,NA,NA,NA,NA,"Brazil","São Paulo","Itapeva","EEc Itapeva"
NA,NA,NA,NA,NA,"Brazil","São Paulo","Itapeva","EEc Itapeva"
NA,NA,NA,NA,NA,"Brazil","São Paulo","Itapeva","EEc Itapeva"
NA,NA,NA,NA,NA,"Brazil","São Paulo","Itapeva","EEc Itapeva"
NA,NA,NA,NA,NA,"Brazil","São Paulo","Itapeva","EEc Itapeva"
NA,NA,NA,NA,NA,"Brazil","São Paulo","Itapeva","EEc Itapeva"
NA,NA,NA,NA,NA,"Brazil","São Paulo","Itapeva","EEc Itapeva"
NA,NA,NA,NA,NA,"Brazil","São Paulo","Itapeva","EEc Itapeva"
NA,NA,NA,NA,NA,"Brazil","São Paulo","Itapeva","EEc Itapeva"
NA,NA,NA,NA,NA,"Brazil","São Paulo","Itapeva","EEc Itapeva"
NA,NA,NA,NA,NA,"Brazil","São Paulo","Itapeva","EEc Itapeva"
NA,NA,NA,NA,NA,"Brazil","São Paulo","Itapeva","EEc Itapeva"
NA,NA,NA,NA,NA,"Brazil","São Paulo","Itapeva","EEc Itapeva"
NA,NA,NA,NA,NA,"Brazil","São Paulo","Itapeva","EEc Itapeva"
NA,NA,NA,NA,NA,"Brazil","São Paulo","Itapeva","EEc Itapeva"
NA,NA,NA,NA,NA,"Brazil","São Paulo","Itapeva","EEc Itapeva"
NA,NA,NA,NA,NA,"Brazil","São Paulo","Itapeva","EEc Itapeva"
NA,NA,NA,NA,NA,"Brazil","São Paulo","Itapeva","EEc Itapeva"
NA,NA,NA,NA,NA,"Brazil","São Paulo","Itapeva","EEc Itapeva"
NA,NA,NA,NA,NA,"Brazil","São Paulo","Itapeva","EEc Itapeva"
NA,NA,NA,NA,NA,"Brazil","São Paulo","Itapeva","EEc Itapeva"
NA,NA,NA,NA,NA,"Brazil","São Paulo","Itapeva","EEc Itapeva"
NA,NA,NA,NA,NA,"Brazil","São Paulo","Itapeva","EEc Itapeva"
NA,NA,NA,NA,NA,"Brazil","São Paulo","Itapeva","EEc Itapeva"
NA,NA,NA,NA,NA,"Brazil","São Paulo","Itapeva","EEc Itapeva"
NA,NA,NA,NA,NA,"Brazil","São Paulo","Itapeva","EEc Itapeva"
NA,NA,NA,NA,NA,"Brazil","São Paulo","Itapeva","EEc Itapeva"
NA,NA,NA,NA,NA,"Brazil","São Paulo","Itapeva","EEc Itapeva"
NA,NA,NA,NA,NA,"Brazil","São Paulo","Itapeva","EEc Itapeva"
NA,NA,NA,NA,NA,"Brazil","São Paulo","Itapeva","EEc Itapeva"
NA,NA,NA,NA,NA,"Brazil","São Paulo","Itapeva","EEc Itapeva"
NA,NA,NA,NA,NA,"Brazil","São Paulo","Itapeva","EEc Itapeva"
NA,NA,NA,NA,NA,"Brazil","São Paulo","Itapeva","EEc Itapeva"
NA,NA,NA,NA,NA,"Brazil","São Paulo","Itapeva","EEc Itapeva"
NA,NA,NA,NA,NA,"Brazil","São Paulo","Itapeva","EEc Itapeva"
NA,NA,NA,NA,NA,"Brazil","São Paulo","Itapeva","EEc Itapeva"
NA,NA,NA,NA,NA,"Brazil","São Paulo","Itapeva","EEc Itapeva"
NA,NA,NA,NA,NA,"Brazil","São Paulo","Itapeva","EEc Itapeva"
NA,NA,NA,NA,NA,"Brazil","São Paulo","Itapeva","EEc Itapeva"
NA,NA,NA,NA,NA,"Brazil","São Paulo","Itapeva","EEc Itapeva"
NA,NA,NA,NA,NA,"Brazil","São Paulo","Itapeva","EEc Itapeva"
NA,NA,NA,NA,NA,"Brazil","São Paulo","Itapeva","EEc Itapeva"
NA,NA,NA,NA,NA,"Brazil","São Paulo","Itapeva","EEc Itapeva"
NA,NA,NA,NA,NA,"Brazil","São Paulo","Itapeva","EEc Itapeva"
NA,NA,NA,NA,NA,"Brazil","São Paulo","Itapeva","EEc Itapeva"
NA,NA,NA,NA,NA,"Brazil","São Paulo","Itapeva","EEc Itapeva"
NA,NA,NA,NA,NA,"Brazil","São Paulo","Itapeva","EEc Itapeva"
NA,NA,NA,NA,NA,"Brazil","São Paulo","Itapeva","EEc Itapeva"
NA,NA,NA,NA,NA,"Brazil","São Paulo","Itapeva","EEc Itapeva"
NA,NA,NA,NA,NA,"Brazil","São Paulo","Itapeva","EEc Itapeva"
NA,NA,NA,NA,NA,"Brazil","São Paulo","Itapeva","EEc Itapeva"
NA,NA,NA,NA,NA,"Brazil","São Paulo","Itapeva","EEc Itapeva"
NA,NA,NA,NA,NA,"Brazil","São Paulo","Itapeva","EEc Itapeva"
NA,NA,NA,NA,NA,"Brazil","São Paulo","Itapeva","EEc Itapeva"
NA,NA,NA,NA,NA,"Brazil","São Paulo","Itapeva","EEc Itapeva"
NA,NA,NA,NA,NA,"Brazil","São Paulo","Itapeva","EEc Itapeva"
NA,NA,NA,"41144","SPSF","Brazil","São Paulo","Itapeva","EEc Itapeva"
NA,NA,NA,NA,NA,"Brazil","São Paulo","Itapeva","EEc Itapeva"
NA,NA,"verdadeiro",NA,NA,"Brazil","São Paulo","Itapeva","EEc Itapeva"
NA,NA,NA,NA,NA,"Brazil","São Paulo","Itapeva","EEc Itapeva"
NA,NA,NA,NA,NA,"Brazil","São Paulo","Itapeva","EEc Itapeva"
NA,NA,NA,NA,NA,"Brazil","São Paulo","Itapeva","EEc Itapeva"
NA,NA,NA,NA,NA,"Brazil","São Paulo","Itapeva","EEc Itapeva"
NA,NA,NA,NA,NA,"Brazil","São Paulo","Itapeva","EEc Itapeva"
NA,NA,NA,NA,NA,"Brazil","São Paulo","Itapeva","EEc Itapeva"
NA,NA,NA,NA,NA,"Brazil","São Paulo","Itapeva","EEc Itapeva"
NA,NA,NA,"41139","SPSF","Brazil","São Paulo","Itapeva","EEc Itapeva"
NA,NA,NA,NA,NA,"Brazil","São Paulo","Itapeva","EEc Itapeva"
NA,NA,NA,"41150","SPSF","Brazil","São Paulo","Itapeva","EEc Itapeva"
NA,NA,NA,"41147","SPSF","Brazil","São Paulo","Itapeva","EEc Itapeva"
NA,NA,"cerrado",NA,NA,"Brazil","São Paulo","Itapeva","EEc Itapeva"
