Nome_UC,Estado,Municipio,Nome_Alternativo,Relação,Confiança,Observações,,,,,,,,,,,,,,,,,,,,
APA Parque e Fazenda do Carmo,São Paulo,São Paulo,Fazenda Nossa Senhora do Carmo,Igual,Ouro,,,,,,,,,,,,,,,,,,,,,
APA Parque e Fazenda do Carmo,São Paulo,QUALQUER,Parque Ecológico APA do Carmo,Igual,Ouro,,,,,,,,,,,,,,,,,,,,,
APA Parque e Fazenda do Carmo,São Paulo,São Paulo,Parque do Carmo,UC dentro da loc.,Prata,,,,,,,,,,,,,,,,,,,,,
APA Parque e Fazenda do Carmo,São Paulo,QUALQUER,APA do Carmo,Igual,Ouro,,,,,,,,,,,,,,,,,,,,,
APA Parque e Fazenda do Carmo,São Paulo,São Paulo,Itaquera,UC dentro da loc.,Bronze,,,,,,,,,,,,,,,,,,,,,
APA Parque e Fazenda do Carmo,São Paulo,São Paulo,Gleba do Pêssego,Loc. dentro da UC,Ouro,,,,,,,,,,,,,,,,,,,,,
APA Barreiro Rico,São Paulo,Anhembi,Fazenda Barreiro Rico,Igual,Ouro,,,,,,,,,,,,,,,,,,,,,
APA Barreiro Rico,São Paulo,Botucatu,Fazenda Barreiro Rico,Igual,Ouro,,,,,,,,,,,,,,,,,,,,,
APA Barreiro Rico,São Paulo,Piracicaba,Fazenda Barreiro Rico,Igual,Ouro,,,,,,,,,,,,,,,,,,,,,
APA Barreiro Rico,São Paulo,São Pedro,Fazenda Barreiro Rico,Igual,Ouro,,,,,,,,,,,,,,,,,,,,,
APA Barreiro Rico,São Paulo,Anhembi,Fazenda Bacury,Igual,Ouro,,,,,,,,,,,,,,,,,,,,,
ESTAÇÃO ECOLÓGICA DE BAURU,São Paulo,QUALQUER,Sebastião Aleixo da Silva,Igual,Ouro,,,,,,,,,,,,,,,,,,,,,
ESTAÇÃO ECOLÓGICA DE BAURU,São Paulo,Bauru,Horto,Igual,Ouro,,,,,,,,,,,,,,,,,,,,,
ESTAÇÃO ECOLÓGICA DE BAURU,São Paulo,QUALQUER,Horto Florestal de Bauru,Igual,Ouro,,,,,,,,,,,,,,,,,,,,,
PE ilha do cardoso,São Paulo,QUALQUER,Ilha do Cardoso,Igual,Ouro,,,,,,,,,,,,,,,,,,,,,
PE ilha do cardoso,São Paulo,Cananéia,Marujá,Loc. dentro da UC,Ouro,,,,,,,,,,,,,,,,,,,,,
PE Campos do Jordão,São Paulo,Campos do Jordão,Horto,Igual,Ouro,,,,,,,,,,,,,,,,,,,,,
PE Campos do Jordão,São Paulo,Campos do Jordão,PECJ,Igual,Ouro,,,,,,,,,,,,,,,,,,,,,
PE Campos do Jordão,São Paulo,Campos do Jordão,Trilha das Sete Pontes,Loc. dentro da UC,Ouro,,,,,,,,,,,,,,,,,,,,,
PE Campos do Jordão,São Paulo,Campos do Jordão,Fazenda da Guarda,Igual,Ouro,,,,,,,,,,,,,,,,,,,,,
APA Campos do Jordão,São Paulo,Campos do Jordão,()|.*,Igual,Ouro,,,,,,,,,,,,,,,,,,,,,
ÁREA DE PROTEÇÃO AMBIENTAL JUNDIAÍ,São Paulo,Jundiaí,Serra do Japi,Igual,Ouro,,,,,,,,,,,,,,,,,,,,,
ÁREA DE PROTEÇÃO AMBIENTAL JUNDIAÍ,São Paulo,Cabreúva,Serra do Japi,Disjunto,Zero,,,,,,,,,,,,,,,,,,,,,
ÁREA DE PROTEÇÃO AMBIENTAL JUNDIAÍ,São Paulo,QUALQUER,Serra do Japi,Intersecção,Prata,,,,,,,,,,,,,,,,,,,,,
ESTAÇÃO ECOLÓGICA DE MOGI-GUAÇU,São Paulo,QUALQUER,Fazenda Campininha,UC dentro da loc.,Prata,,,,,,,,,,,,,,,,,,,,,
PARQUE ESTADUAL DAS FONTES DO IPIRANGA,São Paulo,São Paulo,Parque do Estado,Igual,Ouro,,,,,,,,,,,,,,,,,,,,,
ÁREA DE PROTEÇÃO AMBIENTAL QUILOMBOS DO MÉDIO RIBEIRA,São Paulo,QUALQUER,parque estadual jacupiranga,Loc. dentro da UC,Ouro,,,,,,,,,,,,,,,,,,,,,
ESTAÇÃO ECOLÓGICA MARÍLIA,São Paulo,Marília,Estação Experimental,Igual,Ouro,,,,,,,,,,,,,,,,,,,,,
ESTAÇÃO ECOLÓGICA MARÍLIA,São Paulo,QUALQUER,Estação Experimental de Marília,Igual,Ouro,,,,,,,,,,,,,,,,,,,,,
APA PIRACICABA JUQUERI MIRIM ÁREA I,São Paulo,QUALQUER,APA PIRACICABA / JUQUERÍ-MIRIM ÁREA-I,Igual,Ouro,,,,,,,,,,,,,,,,,,,,,
APA PIRACICABA JUQUERI MIRIM ÁREA II,São Paulo,QUALQUER,APA PIRACICABA / JUQUERÍ-MIRIM ÁREA-II,Igual,Ouro,,,,,,,,,,,,,,,,,,,,,
APA RIO BATALHA,São Paulo,QUALQUER,APA Bacia Hidrográfica do Rio Batalha,Igual,Ouro,,,,,,,,,,,,,,,,,,,,,
APA VÁRZEA DO RIO TIETÊ,São Paulo,QUALQUER,APA Várzea do Tietê,Igual,Ouro,,,,,,,,,,,,,,,,,,,,,
ESTAÇÃO ECOLÓGICA MUNICIPAL DO CAETÊ,São Paulo,QUALQUER,EEC DO CAETÊ(S?),Igual,Ouro,,,,,,,,,,,,,,,,,,,,,
ESTAÇÃO ECOLÓGICA MUNICIPAL DO PIRAJIBU,São Paulo,QUALQUER,EEC DO PIRAJIBU,Igual,Ouro,,,,,,,,,,,,,,,,,,,,,
ESTAÇÃO ECOLÓGICA MUNICIPAL GUARANI,São Paulo,QUALQUER,ESTAÇÃO ECOLÓGICA GUARANI,Igual,Ouro,,,,,,,,,,,,,,,,,,,,,
Estação Ecológica Juréia-Itatins,São Paulo,,Estação Ecológica Jureia,Igual,Ouro,juréia-itatins foi modificada e partes viraram outros parques,,,,,,,,,,,,,,,,,,,,
RESERVA BIOLÓGICA ALTO DA SERRA,São Paulo,Santo André,E.B. do Alto da Serra,Igual,Ouro,,,,,,,,,,,,,,,,,,,,,
PARQUE ESTADUAL VASSUNUNGA,São Paulo,Santa Rita do Passa Quatro,Gleba de Cerrado Pé de Gigante,Loc. dentro da UC,Ouro,,,,,,,,,,,,,,,,,,,,,
ÁREA DE PROTEÇÃO AMBIENTAL CUESTA GUARANI,São Paulo,Pratânia,Fazenda Palmeira da Serra,Loc. dentro da UC,Ouro,,,,,,,,,,,,,,,,,,,,,
ÁREA DE RELEVANTE INTERESSE ECOLÓGICO ILHAS DA QUEIMADA GRANDE E QUEIMADA PEQUENA,São Paulo,Itanhaém,ARIE das Ilhas Queimada Pequena e Queimada Grande,Igual,Ouro,,,,,,,,,,,,,,,,,,,,,
ÁREA DE RELEVANTE INTERESSE ECOLÓGICO ILHAS QUEIMADA GRANDE E QUEIMADA PEQUENA,São Paulo,Itanhaém,Ilha Queimada Grande,Loc. dentro da UC,Ouro,,,,,,,,,,,,,,,,,,,,,
ÁREA DE PROTEÇÃO AMBIENTAL VÁRZEA DO TIETÊ,São Paulo,Mogi das Cruzes,APA do Rio Tietê César de Sousa,Loc. dentro da UC,Ouro,"Provavelmente se refere à porção da APA Várzea do Rio Tietê mais próxima ao distrito Cezar de Souza, em Mogi das Cruzes",,,,,,,,,,,,,,,,,,,,
RESERVA BIOLÓGICA ALTO DA SERRA,São Paulo,Paranapiacaba,Alto da Serra,Igual,,,,,,,,,,,,,,,,,,,,,,
PARQUE ESTADUAL FONTES DO IPIRANGA,São Paulo,São Paulo,Parque do Estado,Igual,Ouro,,,,,,,,,,,,,,,,,,,,,
PARQUE ESTADUAL JUQUERY,São Paulo,Franco da Rocha,P.E.Juqueri,Igual,Ouro,,,,,,,,,,,,,,,,,,,,,
PARQUE NATURAL MUNICIPAL CAMPO GRANDE,São Paulo,Campinas,Fazenda Campo Grande,UC dentro da loc.,Bronze,"O Parque Nacional Municipal do Campo Grande fica na área da antiga Fazenda Bela Aliança, que pode ter sido conhecida como ""Fazenda Campo Grande"". 38% da área foi transformada em UC",,,,,,,,,,,,,,,,,,,,
ÁREA DE RELEVANTE INTERESSE ECOLÓGICO MATA DE SANTA GENEBRA,São Paulo,Campinas,Reserva Santa Genebra,Igual,Ouro,,,,,,,,,,,,,,,,,,,,,
ÁREA DE RELEVANTE INTERESSE ECOLÓGICO MATA DE SANTA GENEBRA,São Paulo,Campinas,mata de santa genebra,Igual,Ouro,,,,,,,,,,,,,,,,,,,,,
ÁREA DE RELEVANTE INTERESSE ECOLÓGICO MATA DE SANTA GENEBRA,São Paulo,Campinas,mata santa genebra,Igual,Ouro,,,,,,,,,,,,,,,,,,,,,
ÁREA DE RELEVANTE INTERESSE ECOLÓGICO MATA DE SANTA GENEBRA,São Paulo,Campinas,Barão Geraldo,UC dentro da loc.,Bronze,,,,,,,,,,,,,,,,,,,,,
ÁREA DE RELEVANTE INTERESSE ECOLÓGICO MATA DE SANTA GENEBRA,São Paulo,Campinas,fazenda santa genebra,Igual,Ouro,,,,,,,,,,,,,,,,,,,,,
ÁREA DE RELEVANTE INTERESSE ECOLÓGICO MATA DE SANTA GENEBRA,São Paulo,Campinas,"Barão Geraldo, Fazenda Santa Genebra",Igual,Ouro,,,,,,,,,,,,,,,,,,,,,
ÁREA DE RELEVANTE INTERESSE ECOLÓGICO MATA DE SANTA GENEBRA,São Paulo,Campinas,Barão de Geraldo,UC dentro da loc.,Bronze,,,,,,,,,,,,,,,,,,,,,
ÁREA DE RELEVANTE INTERESSE ECOLÓGICO MATA DE SANTA GENEBRA,São Paulo,Campinas,"Barão de Geraldo, Fazenda Santa Genebra",Igual,Ouro,,,,,,,,,,,,,,,,,,,,,
ÁREA DE RELEVANTE INTERESSE ECOLÓGICO MATA DE SANTA GENEBRA,São Paulo,Campinas,reserva municipal santa genebra,Igual,Ouro,,,,,,,,,,,,,,,,,,,,,
ÁREA DE RELEVANTE INTERESSE ECOLÓGICO MATA DE SANTA GENEBRA,São Paulo,Campinas,Faz. Santa Genebra,Igual,Ouro,,,,,,,,,,,,,,,,,,,,,
ÁREA DE RELEVANTE INTERESSE ECOLÓGICO MATA DE SANTA GENEBRA,São Paulo,Campinas,Distrito de Barão Geraldo,UC dentro da loc.,Bronze,,,,,,,,,,,,,,,,,,,,,
ESTAÇÃO ECOLÓGICA BANANAL,São Paulo,Bananal,estacao ecologica,Igual,Ouro,,,,,,,,,,,,,,,,,,,,,
PARQUE ESTADUAL CANTAREIRA,São Paulo,QUALQUER,Serra da Cantareira,UC dentro da loc.,Prata,,,,,,,,,,,,,,,,,,,,,
PARQUE ESTADUAL SERRA DO MAR,São Paulo,Natividade da Serra,,Intersecção,Bronze,,,,,,,,,,,,,,,,,,,,,
RESERVA BIOLÓGICA MOGI-GUAÇU,São Paulo,Mogi-Guaçu,Reserva Florestal,UC dentro da loc.,Bronze,,,,,,,,,,,,,,,,,,,,,
ESTAÇÃO ECOLÓGICA MOGI-GUAÇU,São Paulo,Mogi-Guaçu,Reserva Florestal,UC dentro da loc.,Bronze,,,,,,,,,,,,,,,,,,,,,
ÁREA DE RELEVANTE INTERESSE ECOLÓGICO CERRADO PÉ-DE-GIGANTE,São Paulo,Santa Rita do Passa Quatro,Parque Estadual de Vassununga,UC dentro da loc.,Prata,,,,,,,,,,,,,,,,,,,,,
ÁREA DE RELEVANTE INTERESSE ECOLÓGICO CERRADO PÉ-DE-GIGANTE,São Paulo,Santa Rita do Passa Quatro,Gleba Cerrado Pé-de-Gigante,Igual,Ouro,,,,,,,,,,,,,,,,,,,,,
PARQUE ESTADUAL DE VASSUNUNGA,São Paulo,Santa Rita do Passa Quatro,Gleba Maravilha,Igual,Ouro,"A Gleba Maravilha equivale a 0,075% da ARIE",,,,,,,,,,,,,,,,,,,,
ÁREA DE RELEVANTE INTERESSE ECOLÓGICO CERRADO PÉ-DE-GIGANTE,São Paulo,Santa Rita do Passa Quatro,Gleba de Cerrado Pé de Gigante,Igual,Ouro,,,,,,,,,,,,,,,,,,,,,
PARQUE ESTADUAL DE VASSUNUNGA,São Paulo,Santa Rita do Passa Quatro,"Parque Estadual de Vassununga, Gleba Maravilha",Igual,Ouro,"A Gleba Maravilha equivale a 0,075% da ARIE",,,,,,,,,,,,,,,,,,,,
ÁREA DE RELEVANTE INTERESSE ECOLÓGICO CERRADO PÉ-DE-GIGANTE,São Paulo,Santa Rita do Passa Quatro,Parque Estadual de Vassununga. Gleba Cerrado Pé-de-Gigante,Igual,Ouro,,,,,,,,,,,,,,,,,,,,,
ÁREA DE RELEVANTE INTERESSE ECOLÓGICO CERRADO PÉ-DE-GIGANTE,São Paulo,Santa Rita do Passa Quatro,Mata Capetinga,Disjunto,Zero,Se refere à mata das glebas Capetinga Oeste e Capetinga Leste a 029% da ARIE,,,,,,,,,,,,,,,,,,,,
ÁREA DE RELEVANTE INTERESSE ECOLÓGICO CERRADO PÉ-DE-GIGANTE,São Paulo,Santa Rita do Passa Quatro,Parque Estadual do Vassununga,UC dentro da loc.,Prata,Sobreposição de 98.92% de acordo com o ISA,,,,,,,,,,,,,,,,,,,,
ÁREA DE RELEVANTE INTERESSE ECOLÓGICO MATA DE SANTA GENEBRA,São Paulo,Campinas,"Fazenda Santa Genebra, Barão Geraldo. Mata Higrófila. Borda da mata",,,Verificar a área de Mata Hifrógila,,,,,,,,,,,,,,,,,,,,
ÁREA DE RELEVANTE INTERESSE ECOLÓGICO MATA DE SANTA GENEBRA,São Paulo,Campinas,"Fazenda Santa Genebra, Barão Geraldo. Mata Higrófila. Interior da mata",,,,,,,,,,,,,,,,,,,,,,,
ÁREA DE RELEVANTE INTERESSE ECOLÓGICO MATA DE SANTA GENEBRA,São Paulo,Campinas,Fazenda santa Genebra,UC dentro da loc.,Prata,,,,,,,,,,,,,,,,,,,,,
ÁREA DE RELEVANTE INTERESSE ECOLÓGICO MATA DE SANTA GENEBRA,São Paulo,Campinas,Barão Geraldo,UC dentro da loc.,Bronze,,,,,,,,,,,,,,,,,,,,,
ÁREA DE RELEVANTE INTERESSE ECOLÓGICO MATA DE SANTA GENEBRA,São Paulo,Campinas,Reserva Municipal de Santa Genebra,Igual,Ouro,,,,,,,,,,,,,,,,,,,,,
ÁREA DE RELEVANTE INTERESSE ECOLÓGICO MATA DE SANTA GENEBRA,São Paulo,Campinas,"Fazenda Santa Genebra, Distrito de Barão Geraldo",Igual,,,,,,,,,,,,,,,,,,,,,,
ÁREA DE RELEVANTE INTERESSE ECOLÓGICO MATA DE SANTA GENEBRA,São Paulo,Campinas,"Fazenda Santa Genebra, Mata Higrófila. Borda da mata",,,,,,,,,,,,,,,,,,,,,,,
ÁREA DE RELEVANTE INTERESSE ECOLÓGICO MATA DE SANTA GENEBRA,São Paulo,Campinas,"Fazenda Santa Genebra, Mata higrófila",,,,,,,,,,,,,,,,,,,,,,,
PARQUE ESTADUAL INTERVALES,São Paulo,QUALQUER,Fazenda Intervales,Igual,Ouro,Parque Estadual Intervales - PETAR SP,,,,,,,,,,,,,,,,,,,,
ÁREA DE PROTEÇÃO AMBIENTAL SERRA DO MAR,São Paulo,CAPÃO BONITO (SP) - ELDORADO (SP) - IPORANGA (SP) - JUQUIÁ (SP) - JUQUITIBA (SP) - MIRACATU (SP) - PEDRO DE TOLEDO (SP) - RIBEIRÃO GRANDE (SP) - SETE BARRAS (SP) - TAPIRAÍ (SP),Serra do Cafezal,Loc. dentro da UC,,"https://pt.wikipedia.org/wiki/Serra_do_Cafezal a wikipedia traz que a serra faz parte do ""Sistema serra do mar""
Está nela localizada a Rodovia BR 116, que ""atravessa ao todo oito (8) Unidades de Conservação
Ambiental, sendo quatro (4) Áreas de Proteção Ambiental - APAs, uma (1) Reserva de
Desenvolvimento Sustentável - RDS, um (1) Parque Estadual - PE no estado de São Paulo (APA
da Serra do Mar, Reserva de Desenvolvimento Sustentável Quilombola Barra do Turvo e o
Mosaico de Jacupiranga) e duas (2) Áreas de Proteção Ambiental - APAs no estado do Paraná
(APA do Iraí e de Guaraqueçaba), definidos como a área de influência direta do  empreendimento ""
https://www.gov.br/antt/pt-br/assuntos/rodovias/relatorios/acompanhamento-ambiental-das-concessoes-rodoviarias-1/por-concessao/acompanhamento-ambiental-autopista-regis-bittencourt-1/arquivos/pgr_regis_bittencourt_2023_rev2.pdf",,,,,,,,,,,,,,,,,,,,
RESERVA BIOLÓGICA ALTO DA SERRA,São Paulo,QUALQUER,Reserva Biológica do Alto da Serra de Paranapiacaba,Igual,Ouro,,,,,,,,,,,,,,,,,,,,,
ÁREA DE PROTEÇÃO AMBIENTAL PIRACICABA / JUQUERÍ-MIRIM ÁREA-I,São Paulo,Piracicaba,Serra do Cuscuzeiro,,Ouro,não consegui precisar a sobreposição entre as áreas,,,,,,,,,,,,,,,,,,,,
ÁREA DE PROTEÇÃO AMBIENTAL PIRACICABA / JUQUERÍ-MIRIM ÁREA-I,São Paulo,Analândia,Serra do Cuscuzeiro,,Ouro,não consegui precisar a sobreposição entre as áreas,,,,,,,,,,,,,,,,,,,,
ÁREA DE PROTEÇÃO AMBIENTAL CAMPINAS,São Paulo,Campinas,Mata Ribeirão Cachoeira,Igual,Ouro,,,,,,,,,,,,,,,,,,,,,
ÁREA DE PROTEÇÃO AMBIENTAL ITUPARARANGA,São Paulo,Votorantim,Serra de São Francisco,UC dentro da loc.,,não consegui determinar a área da serra pra saber quanto dela fica pra fora da APA,,,,,,,,,,,,,,,,,,,,
PARQUE ESTADUAL SERRA DO MAR,São Paulo,Cunha,Reserva Florestal,Igual,Ouro,,,,,,,,,,,,,,,,,,,,,
PARQUE ESTADUAL SERRA DO MAR – NÚCLEO CUNHA,São Paulo,Cunha,Reserva Florestal,Igual,Ouro,,,,,,,,,,,,,,,,,,,,,
ESTAÇÃO ECOLÓGICA CHAUÁS,São Paulo,Iguape,Estação Ecológica de Chauás,Igual,Ouro,,,,,,,,,,,,,,,,,,,,,
Parque Estadual Jequitibá,São Paulo,São Paulo,Parque Tizo,Igual,Ouro,,,,,,,,,,,,,,,,,,,,,
Parque Estadual Jequitibá,São Paulo,Cotia,Parque Tizo,Igual,Ouro,,,,,,,,,,,,,,,,,,,,,
Parque Estadual Jequitibá,São Paulo,Osasco,Parque Tizo,Igual,Ouro,,,,,,,,,,,,,,,,,,,,,
PARQUE ESTADUAL CARLOS BOTELHO,São Paulo,QUALQUER,Carlos Botelho State Park,Igual,Ouro,,,,,,,,,,,,,,,,,,,,,
PARQUE NACIONAL SERRA DA BOCAINA,São Paulo,QUALQUER,Parque Nacional da Bocaina,Igual,Ouro,,,,,,,,,,,,,,,,,,,,,
PARQUE ESTADUAL SERRA DO MAR – CAMINHOS DO MAR,São Paulo,São Bernardo do Campo,Parque Caminhos do Mar,,,,,,,,,,,,,,,,,,,,,,,
MONUMENTO NATURAL DO ARQUIPÉLAGO DAS ILHAS CAGARRAS,São Paulo,QUALQUER,MONUMENTO NATURAL DAS ILHAS CAGARRAS,Igual,Ouro,,,,,,,,,,,,,,,,,,,,,
RESERVA BIOLÓGICA MOGI-GUAÇU,São Paulo,Mogi-Guaçu,Estação Ecológica Mogi-Guaçu,Igual,Ouro,,,,,,,,,,,,,,,,,,,,,
ÁREA DE PROTEÇÃO AMBIENTAL CUESTA GUARANI,São Paulo,,Estrada para Itatinga,Intersecção,,,,,,,,,,,,,,,,,,,,,,
ESTAÇÃO ECOLÓGICA PAULO DE FARIA,São Paulo,Paulo de Faria,Instituto Florestal,Igual,Ouro,,,,,,,,,,,,,,,,,,,,,
ESTAÇÃO ECOLÓGICA JURÉIA-ITATINS,São Paulo,,Estação Biológica de Juréia,,,,,,,,,,,,,,,,,,,,,,,
PARQUE ESTADUAL SERRA DO MAR,São Paulo,São Luis do Paraitinga,PE Serra do Ma,Igual,Ouro,,,,,,,,,,,,,,,,,,,,,
RESERVA BIOLÓGICA ALTO DA SERRA,São Paulo,,Estação Biológica,Igual,Ouro,,,,,,,,,,,,,,,,,,,,,
ESTAÇÃO ECOLÓGICA PAULO DE FARIA,São Paulo,Paulo de Faria,E.Ecol.Instituto Florestal,,,,,,,,,,,,,,,,,,,,,,,
ÁREA DE PROTEÇÃO AMBIENTAL SERRA DO MAR,São Paulo,Ubatuba,Praia da Fazenda,Loc. dentro da UC,Ouro,Núcleo Picinguaba,,,,,,,,,,,,,,,,,,,,
PARQUE ESTADUAL JUQUERY,São Paulo,QUALQUER,Parque Estadual do Juqueri,Igual,Ouro,,,,,,,,,,,,,,,,,,,,,
PARQUE NATURAL MUNICIPAL AUGUSTO RUSCHI,São Paulo,,Reserva Florestal da Boa Vista,Igual,Ouro,https://www.sjc.sp.gov.br/servicos/urbanismo-e-sustentabilidade/parque-natural-augusto-ruschi/informacoes/,,,,,,,,,,,,,,,,,,,,
PARQUE NACIONAL SERRA DA BOCAINA,São Paulo,,Estrada Real Cunha-Paraty,Intersecção,Bronze,"A estrada de Cunha a Paraty tem 46km de extensão, dos quais 9,4km são de estrada-parque
https://documentacao.socioambiental.org/ato_normativo/UC/1704_20141002_172253.pdf",,,,,,,,,,,,,,,,,,,,
Estação Ecológica Juréia-Itatins,São Paulo,QUALQUER,Serra da Jureia,Loc. dentro da UC,Ouro,,,,,,,,,,,,,,,,,,,,,
FLORESTA NACIONAL IPANEMA,São Paulo,,Fazenda Ipanema,Igual,Ouro,,,,,,,,,,,,,,,,,,,,,
PARQUE ESTADUAL FONTES DO IPIRANGA,São Paulo,QUALQUER,Jardim Botânico de São Paulo,Loc. dentro da UC,Ouro,,,,,,,,,,,,,,,,,,,,,
ÁREA DE RELEVANTE INTERESSE ECOLÓGICO MATA DE SANTA GENEBRA,São Paulo,QUALQUER,Santa Genebra Forest Reserve,Igual,Ouro,,,,,,,,,,,,,,,,,,,,,
PARQUE NACIONAL SERRA DA BOCAINA,São Paulo,São José do Barreiro,Parque Nacional,Igual,Ouro,,,,,,,,,,,,,,,,,,,,,
PARQUE ESTADUAL SERRA DO MAR,São Paulo,,Estação Ecológica de Boracéia,Loc. dentro da UC,Ouro,"Mais especificamente, está no PNSM - Núcleo Dória",,,,,,,,,,,,,,,,,,,,
PARQUE ESTADUAL RESTINGA DE BERTIOGA,São Paulo,,Fazenda da Família Pinto,Intersecção,,Não há informações para afirmar a área de intersecção entre a fazenda e o parque,,,,,,,,,,,,,,,,,,,,
ESTAÇÃO ECOLÓGICA ITAPEVA,São Paulo,,Estrada Itararé-Itapeva,Disjunto,Zero,Delimita seu entorno,,,,,,,,,,,,,,,,,,,,
PARQUE ESTADUAL SERRA DO MAR,São Paulo,,Pico do Corcovado,Loc. dentro da UC,Ouro,,,,,,,,,,,,,,,,,,,,,
PARQUE ESTADUAL SERRA DO MAR,São Paulo,,Estrada do Paraibuna,Intersecção,,"Núcleo Cunha
Aparentemente os 20km iniciais (zona de amortecimendo) são a estrada que leva até o parque e não é considerada parte dele, mas o site de Áreas Protegidas traz a extensão completa da estrada como parte do Parque Serra do Mar Núcleo Cunha
https://guiadeareasprotegidas.sp.gov.br/trilha/rota-paraibuna-parque-estadual/",,,,,,,,,,,,,,,,,,,,
ESTAÇÃO ECOLÓGICA SANTA BÁRBARA,São Paulo,,Estação Ecológica de Águas de Santa Bárbara,Igual,Ouro,,,,,,,,,,,,,,,,,,,,,
ÁREA DE PROTEÇÃO AMBIENTAL SERRA DO MAR,São Paulo,,Serra de Paranapiacaba,Intersecção,Ouro,,,,,,,,,,,,,,,,,,,,,
ESTAÇÃO ECOLÓGICA ASSIS,São Paulo,Assis,Estação Ecológica,Igual,Ouro,,,,,,,,,,,,,,,,,,,,,
ÁREA DE PROTEÇÃO AMBIENTAL CAMPINAS,São Paulo,,Condomínio Colinas do Atibaia,Loc. dentro da UC,,https://portal-adm.campinas.sp.gov.br/sites/default/files/secretarias/arquivos-complementares/142/2024/01/04-160806/resumo-executivo.pdf,,,,,,,,,,,,,,,,,,,,
ESTAÇÃO ECOLÓGICA MOGI-GUAÇU,São Paulo,Mogi Guaçu,Reserva Florestal,Loc. dentro da UC,Ouro,,,,,,,,,,,,,,,,,,,,,
RESERVA BIOLÓGICA MOGI-GUAÇU,São Paulo,Mogi Guaçu,Reserva Florestal,Loc. dentro da UC,Ouro,,,,,,,,,,,,,,,,,,,,,
ESTAÇÃO ECOLÓGICA MOGI-GUAÇU,São Paulo,QUALQUER,Fazenda Campininha just north of Rio Moji-Guaçu,Loc. dentro da UC,Ouro,,,,,,,,,,,,,,,,,,,,,
RESERVA BIOLÓGICA MOGI-GUAÇU,São Paulo,QUALQUER,Fazenda Campininha just north of Rio Moji-Guaçu,Loc. dentro da UC,Ouro,,,,,,,,,,,,,,,,,,,,,
RESERVA BIOLÓGICA MOGI-GUAÇU,São Paulo,,Reserva Biológica da Fazenda Campininha,,,,,,,,,,,,,,,,,,,,,,,
RESERVA BIOLÓGICA MOGI-GUAÇU,São Paulo,,Reserva Biológica Campininha,,,,,,,,,,,,,,,,,,,,,,,
RESERVA BIOLÓGICA MOGI-GUAÇU,São Paulo,,"""Padua Sales, Fazenda Campininha""",,,,,,,,,,,,,,,,,,,,,,,
ESTAÇÃO ECOLÓGICA MOGI-GUAÇU,São Paulo,,"""Padua Sales, Fazenda Campininha""",,,,,,,,,,,,,,,,,,,,,,,
,São Paulo,,"Fazenda Campininha, Martinho Prado, Reserva Biológica da Fazenda Campininha",,,,,,,,,,,,,,,,,,,,,,,
,São Paulo,,Reserva da Fazenda Campininha,,,,,,,,,,,,,,,,,,,,,,,
,São Paulo,,of property line of Fazenda Campininha,,,,,,,,,,,,,,,,,,,,,,,
,São Paulo,,from entrance of Fazenda Campininha,,,,,,,,,,,,,,,,,,,,,,,
Parque Nacional da Serra da Bocaina,São Paulo,Cunha,Estrada Real,Intersecção,Bronze,"Aprox 37% do trecho intersecciona com o Parque, na descida para Paraty",,,,,,,,,,,,,,,,,,,,
PARQUE ESTADUAL SERRA DO MAR,São Paulo,Cunha,Estrada Real,Intersecção,Bronze,,,,,,,,,,,,,,,,,,,,,
ÁREA DE PROTEÇÃO AMBIENTAL CUESTA CORUMBATAÍ,São Paulo,QUALQUER,Parque Rauvitscher,Loc. dentro da UC,Ouro,"Dentro da Fazenda Vermelha, na área rural de Analândia",,,,,,,,,,,,,,,,,,,,
ÁREA DE PROTEÇÃO AMBIENTAL PIRACICABA / JUQUERÍ-MIRIM ÁREA-I,São Paulo,QUALQUER,Parque Rauvitscher,Loc. dentro da UC,Ouro,,,,,,,,,,,,,,,,,,,,,
ÁREA DE PROTEÇÃO AMBIENTAL CUESTA GUARANI,São Paulo,,Fazenda Santa Terezinha (Eucatex),,,"Talvez esteja dentro, não consegui precisar",,,,,,,,,,,,,,,,,,,,
PARQUE ESTADUAL FONTES DO IPIRANGA,São Paulo,,Horto Botânico,Loc. dentro da UC,Ouro,,,,,,,,,,,,,,,,,,,,,
Parque Estadual do Morro Grande,,,Morro Grande,Igual,Ouro,,,,,,,,,,,,,,,,,,,,,''''''
Parque Nacional da Serra da Bocaina,São Paulo,,Reserva Florestal da Bocaina,Loc. dentro da UC,,,,,,,,,,,,,,,,,,,,,,
ESTAÇÃO ECOLÓGICA BANANAL,São Paulo,,Reserva Florestal da Bocaina,Loc. dentro da UC,,,,,,,,,,,,,,,,,,,,,,
Parque Estadual da Serra do Mar,São Paulo,,Reserva Florestal da Bocaina,Loc. dentro da UC,,,,,,,,,,,,,,,,,,,,,,
Parque Estadual Ilha Anchieta,São Paulo,,Reserva Florestal da Bocaina,Loc. dentro da UC,,,,,,,,,,,,,,,,,,,,,,
Reserva Ecológica da Juatinga,Rio de Janeiro,,Reserva Florestal da Bocaina,Loc. dentro da UC,,,,,,,,,,,,,,,,,,,,,,
Área de Proteção Ambiental de Cairuçu,Rio de Janeiro,,Reserva Florestal da Bocaina,Loc. dentro da UC,,,,,,,,,,,,,,,,,,,,,,
PARQUE NACIONAL SERRA DA BOCAINA,São Paulo,,Reserva Florestal da Bocaina,Loc. dentro da UC,,,,,,,,,,,,,,,,,,,,,,
PARQUE ESTADUAL SERRA DO MAR,São Paulo,Cubatão,Parque Ecológico Perequê,Disjunto,,"Aparentemente, o Parque Ecológico Perequê faz limite com o Parque Estadual Serra do Mar núcleo Itutinga Pilões ao Norte. No site para agendamento de visitas, á essa menção 
https://itutingapiloes.ingressosparquespaulistas.com.br/produto/ff-pesm-itutinga-piloes-trilha-cachoeira-veu-da-noiva-parque-municipal-pereque-cubatao?divisao=0",,,,,,,,,,,,,,,,,,,,
PARQUE ESTADUAL SERRA DO MAR,,,Serra do Mar,UC dentro da loc.,Bronze,,,,,,,,,,,,,,,,,,,,,
Parque Nacional da Serra da Bocaina,,,Serra do Mar,UC dentro da loc.,Bronze,,,,,,,,,,,,,,,,,,,,,
Parque Nacional da Serra dos Órgãos,Rio de Janeiro,,Serra do Mar,UC dentro da loc.,Bronze,,,,,,,,,,,,,,,,,,,,,
Parque Estadual Restinga de Bertioga,,,Serra do Mar,UC dentro da loc.,Bronze,https://guiadeareasprotegidas.sp.gov.br/ap/parque-estadual-restinga-de-bertioga/,,,,,,,,,,,,,,,,,,,,
Estação Ecológica de Bananal,,,Serra do Mar,UC dentro da loc.,Bronze,,,,,,,,,,,,,,,,,,,,,
ÁREA DE PROTEÇÃO AMBIENTAL CAIRUÇU,,,Serra do Mar,UC dentro da loc.,Bronze,,,,,,,,,,,,,,,,,,,,,
ÁREA DE PROTEÇÃO AMBIENTAL CANANÉIA-IGUAPÉ-PERUÍBE,,,Serra do Mar,UC dentro da loc.,Bronze,,,,,,,,,,,,,,,,,,,,,
ÁREA DE PROTEÇÃO AMBIENTAL SERRA DO MAR,,,Serra do Mar,UC dentro da loc.,Bronze,,,,,,,,,,,,,,,,,,,,,
ÁREA DE PROTEÇÃO AMBIENTAL CAIRUÇU,,,Serra do Mar,UC dentro da loc.,Bronze,,,,,,,,,,,,,,,,,,,,,
ESTAÇÃO ECOLÓGICA JUAMI-JAPURÁ,,,Serra do Mar,UC dentro da loc.,Bronze,,,,,,,,,,,,,,,,,,,,,
PARQUE ESTADUAL ITINGUÇU,,,Serra do Mar,UC dentro da loc.,Bronze,,,,,,,,,,,,,,,,,,,,,
PARQUE ESTADUAL PRELADO,,,Serra do Mar,UC dentro da loc.,Bronze,,,,,,,,,,,,,,,,,,,,,
RESERVA DE DESENVOLVIMENTO SUSTENTÁVEL DESPRAIADO,,,Serra do Mar,UC dentro da loc.,Bronze,,,,,,,,,,,,,,,,,,,,,
RESERVA DE DESENVOLVIMENTO SUSTENTÁVEL BARRA DO UNA,,,Serra do Mar,UC dentro da loc.,Bronze,,,,,,,,,,,,,,,,,,,,,
REFÚGIO DE VIDA SILVESTRE ILHAS DO ABRIGO E GUARARITAMA,,,Serra do Mar,UC dentro da loc.,Bronze,,,,,,,,,,,,,,,,,,,,,
RESERVA PARTICULAR DO PATRIMÔNIO NATURAL SERRA DA BOCAINA,,,Serra do Mar,UC dentro da loc.,Bronze,,,,,,,,,,,,,,,,,,,,,
PARQUE ESTADUAL ILHA GRANDE,RJ,,Serra do Mar,UC dentro da loc.,Bronze,,,,,,,,,,,,,,,,,,,,,
PARQUE ESTADUAL ÁGUAS DA PRATA,,QUALQUER,Reserva Estadual de Águas da Prata,Igual,Ouro,,,,,,,,,,,,,,,,,,,,,
PARQUE ESTADUAL FONTES DO IPIRANGA,São Paulo,São Paulo,Jardim Botânico,Loc. dentro da UC,Ouro,"Devo tirar o ""Jardim Botânico de São Paulo""?",,,,,,,,,,,,,,,,,,,,
ÁREA DE PROTEÇÃO AMBIENTAL SERRA DA MANTIQUEIRA,São Paulo,,Serra da Mantiqueira,,,,,,,,,,,,,,,,,,,,,,,
Área de Proteção Ambiental Mananciais da Bacia Hidrográfica do rio Paraíba do Sul,São Paulo,,Serra da Mantiqueira,,,,,,,,,,,,,,,,,,,,,,,
PARQUE NACIONAL ITATIAIA,São Paulo,,Serra da Mantiqueira,,,,,,,,,,,,,,,,,,,,,,,
FLORESTA NACIONAL PASSA QUATRO,Minas Gerais,,Serra da Mantiqueira,,,,,,,,,,,,,,,,,,,,,,,
FLORESTA NACIONAL LORENA,São Paulo,,Serra da Mantiqueira,,,,,,,,,,,,,,,,,,,,,,,
PARQUE ESTADUAL CAMPOS DO JORDÃO,São Paulo,,Serra da Mantiqueira,,,,,,,,,,,,,,,,,,,,,,,
PARQUE ESTADUAL MANANCIAIS DE CAMPOS DO JORDÃO,São Paulo,,Serra da Mantiqueira,,,,,,,,,,,,,,,,,,,,,,,
PARQUE ESTADUAL SERRA DO BRIGADEIRO,Minas Gerais,,Serra da Mantiqueira,,,,,,,,,,,,,,,,,,,,,,,
Parque Estadual do Ibitipoca,Minas Gerais,,Serra da Mantiqueira,,,,,,,,,,,,,,,,,,,,,,,
PARQUE ESTADUAL SERRA DO PAPAGAIO,Minas Gerais,,Serra da Mantiqueira,,,,,,,,,,,,,,,,,,,,,,,
ÁREA DE PROTEÇÃO AMBIENTAL FERNÃO DIAS,Minas Gerais,,Serra da Mantiqueira,,,,,,,,,,,,,,,,,,,,,,,
ÁREA DE PROTEÇÃO AMBIENTAL SAPUCAÍ MIRIM,São Paulo,,Serra da Mantiqueira,,,,,,,,,,,,,,,,,,,,,,,
MONUMENTO NATURAL ESTADUAL MANTIQUEIRA PAULISTA,São Paulo,,Serra da Mantiqueira,,,,,,,,,,,,,,,,,,,,,,,
APA da Serrinha do Alambari,Rio de Janeiro,,Serra da Mantiqueira,,,,,,,,,,,,,,,,,,,,,,,
ÁREA DE PROTEÇÃO AMBIENTAL SÃO FRANCISCO XAVIER,São Paulo,,Serra da Mantiqueira,,,,,,,,,,,,,,,,,,,,,,,
Parque Natural Municipal Garganta do Registro,Minas Gerais,,Serra da Mantiqueira,,,,,,,,,,,,,,,,,,,,,,,
RESERVA PARTICULAR DO PATRIMÔNIO NATURAL PEDRA DA MINA,São Paulo,,Serra da Mantiqueira,,,,,,,,,,,,,,,,,,,,,,,
Reserva Particular do Patrimônio Natural (RPPN) Alto Montana,Minas Gerais,,Serra da Mantiqueira,,,,,,,,,,,,,,,,,,,,,,,
RESERVA PARTICULAR DO PATRIMÔNIO NATURAL PICO DOS TRÊS ESTADOS,Minas Gerais,,Serra da Mantiqueira,,,,,,,,,,,,,,,,,,,,,,,
RESERVA PARTICULAR DO PATRIMÔNIO NATURAL AGULHAS NEGRAS,Rio de Janeiro,,Serra da Mantiqueira,,,,,,,,,,,,,,,,,,,,,,,
ÁREA DE PROTEÇÃO AMBIENTAL CANANÉIA-IGUAPÉ-PERUÍBE,São Paulo,QUALQUER,Estrada Cananéia,Loc. dentro da UC,Ouro,,,,,,,,,,,,,,,,,,,,,
PARQUE ESTADUAL LAGAMAR DE CANANÉIA,São Paulo,,Estrada Cananéia,,,,,,,,,,,,,,,,,,,,,,,
ÁREA DE PROTEÇÃO AMBIENTAL JUNDIAÍ,,,,Intersecção,Prata,"47,6%",,,,,,,,,,,,,,,,,,,,
Reserva Biológica da Serra do Japí,,,,Intersecção,Bronze,https://serradojapi.jundiai.sp.gov.br/rebio/,,,,,,,,,,,,,,,,,,,,
ÁREA DE PROTEÇÃO AMBIENTAL CABREÚVA,,,,Intersecção,Prata,"41,1%",,,,,,,,,,,,,,,,,,,,
Reserva de Biosfera da Mata Atlântica,,,,,,colocar? Não entendi se conta como UC,,,,,,,,,,,,,,,,,,,,
Estação Ecológica Valinhos,São Paulo,Valinhos,Estação Ecológica,Igual,Ouro,,,,,,,,,,,,,,,,,,,,,
ÁREA DE PROTEÇÃO AMBIENTAL SISTEMA CANTAREIRA,São Paulo,,Serra da Cantareira,Loc. dentro da UC,Ouro,,,,,,,,,,,,,,,,,,,,,
PARQUE ESTADUAL CANTAREIRA,São Paulo,,Serra da Cantareira,Intersecção,Bronze,"12,22%. Área do Parque segundo o Guia de Áreas Protegidas da Fundação Florestal dividida pela estimativa da parea da serra presente em documentos e estudos citados no artigo da Serra da Cantareira no Wikipedia",,,,,,,,,,,,,,,,,,,,
PARQUE ESTADUAL RESTINGA DE BERTIOGA,São Paulo,Bertioga,Mata de Restinga,Intersecção,Ouro,Abriga 98% dos remanescentes de mata de restinga da Baixada Santista,,,,,,,,,,,,,,,,,,,,
PARQUE ESTADUAL RESTINGA DE BERTIOGA,São Paulo,Boraceia,Mata de Restinga,Intersecção,Ouro,Abriga 98% dos remanescentes de mata de restinga da Baixada Santista,,,,,,,,,,,,,,,,,,,,
ÁREA DE PROTEÇÃO AMBIENTAL CORUMBATAÍ-BOTUCATU-TEJUPÁ,São Paulo,Botucatu,Mata de banhado,,,Não existem dados de quanto dessa mata ocorre dentro das UCs,,,,,,,,,,,,,,,,,,,,
Floresta Estadual de Botucatu,São Paulo,Botucatu,Mata de banhado,,,,,,,,,,,,,,,,,,,,,,,
ÁREA DE PROTEÇÃO AMBIENTAL TIETÊ,São Paulo,Itu,Área de proteção ambiental,,,,,,,,,,,,,,,,,,,,,,,
ÁREA DE PROTEÇÃO AMBIENTAL PEDREGULHO,São Paulo,Itu,Área de proteção ambiental,,,,,,,,,,,,,,,,,,,,,,,
ÁREA DE PROTEÇÃO AMBIENTAL SERRA DO ITAPETI,São Paulo,Mogi das Cruzes,Serra do Itapeti,Igual,Ouro,96 a 100%,,,,,,,,,,,,,,,,,,,,
ESTAÇÃO ECOLÓGICA ITAPETI,São Paulo,Mogi das Cruzes,Serra do Itapeti,Loc. dentro da UC,Ouro,dentro da APA,,,,,,,,,,,,,,,,,,,,
Parque Natural Municipal Francisco Affonso de Mello,São Paulo,Mogi das Cruzes,Serra do Itapeti,Loc. dentro da UC,Ouro,Dentro da APA. Ainda em fase de revisão do plano de manejo,,,,,,,,,,,,,,,,,,,,
Parque Natural Municipal Francisco Affonso de Mello,São Paulo,Mogi das Cruzes,Parque Municipal da Serra do Itapety,Igual,Ouro,Ainda em fase de revisão do plano de manejo,,,,,,,,,,,,,,,,,,,,
FLORESTA ESTADUAL EDMUNDO NAVARRO DE ANDRADE,São Paulo,Rio Claro,Horto Florestal,Igual,Ouro,,,,,,,,,,,,,,,,,,,,,
FLORESTA ESTADUAL EDMUNDO NAVARRO DE ANDRADE,São Paulo,Rio Claro,Floresta Estadual Navarro de Andrade,Igual,Ouro,,,,,,,,,,,,,,,,,,,,,
Reserva Particular do Patrimônio Natural Serra da Onça,Goiás,Estrela do Norte,Estrela do Norte,UC dentro da loc.,,Única UC listada pelo CNUC no município,,,,,,,,,,,,,,,,,,,,
PARQUE NACIONAL SERRA DA BOCAINA,São Paulo,,Morro da Boa Vista,Loc. dentro da UC,Ouro,,,,,,,,,,,,,,,,,,,,,
PARQUE ESTADUAL PORTO FERREIRA,São Paulo,Porto Ferreira,Instituto Florestal,,,,,,,,,,,,,,,,,,,,,,,
ÁREA DE PROTEÇÃO AMBIENTAL SERRA DO MAR,São Paulo,,Área da Cia. Votorantim. Estrada entre o alojamento da Barra e a portaria para Tapiraí,Loc. dentro da UC,Ouro,"Aparentemente, Tapiraí está em outras áreas de proteção, mas não entendi se já existem oficialmente. Tem o Legado das Águas, mas é privada e não é RPPN; e a Reserva da Biosfera da Mata Atlântica reconhecida pela UNESCO",,,,,,,,,,,,,,,,,,,,
ÁREA DE PROTEÇÃO AMBIENTAL VÁRZEA DO TIETÊ,São Paulo,Mogi das Cruzes,APA da Várzea,Igual,Ouro,,,,,,,,,,,,,,,,,,,,,
PARQUE NACIONAL SERRA DA BOCAINA,,,"Serra da Bocaina, Morro da Boa Vista",UC dentro da loc.,Ouro,,,,,,,,,,,,,,,,,,,,,
ÁREA DE PROTEÇÃO AMBIENTAL CUESTA CORUMBATAÍ,São Paulo,Botucatu,Fazenda Edgardia,Loc. dentro da UC,Ouro,,,,,,,,,,,,,,,,,,,,,
ÁREA DE PROTEÇÃO AMBIENTAL CUESTA GUARANI,São Paulo,Botucatu,Fazenda Edgardia,Loc. dentro da UC,Ouro,,,,,,,,,,,,,,,,,,,,,
ÁREA DE PROTEÇÃO AMBIENTAL SERRA DA MANTIQUEIRA,São Paulo,Pindamonhangaba,Pico do Itapeva,Loc. dentro da UC,Ouro,,,,,,,,,,,,,,,,,,,,,
ÁREA DE PROTEÇÃO AMBIENTAL SERRA DA MANTIQUEIRA,São Paulo,Pindamonhangaba,Perto do Pico do Itapeva,,,,,,,,,,,,,,,,,,,,,,,
ÁREA DE PROTEÇÃO AMBIENTAL CUESTA CORUMBATAÍ,São Paulo,,na estrada Itirapina-Rio Claro,,,,,,,,,,,,,,,,,,,,,,,
PARQUE ESTADUAL SERRA DO MAR,São Paulo,Salesópolis,Reserva Florestal,,,,,,,,,,,,,,,,,,,,,,,
Parque Estadual Nascentes do Rio Tietê,São Paulo,Salesópolis,Reserva Florestal,,,,,,,,,,,,,,,,,,,,,,,
