"name","country","stateProvince","municipality","protectionCategory","UC_ID","source","type","slug"
"ÁREA DE RELEVANTE INTERESSE ECOLÓGICO BURITI DE VASSUNUNGA","Brazil","São Paulo","SANTA RITA DO PASSA QUATRO (SP)","Uso Sustentável","30","cnuc_2025_08.csv","ARIE","ARIE_BURITI_DE_VASSUNUNGA"
"ÁREA DE RELEVANTE INTERESSE ECOLÓGICO CERRADO PÉ-DE-GIGANTE","Brazil","São Paulo","SANTA RITA DO PASSA QUATRO (SP)","Uso Sustentável","32","cnuc_2025_08.csv","ARIE","ARIE_CERRADO_PE-DE-GIGANTE"
"ÁREA DE RELEVANTE INTERESSE ECOLÓGICO GUARÁ","Brazil","São Paulo","ILHA COMPRIDA (SP)","Uso Sustentável","1.725","cnuc_2025_08.csv","ARIE","ARIE_GUARA"
"ÁREA DE RELEVANTE INTERESSE ECOLÓGICO ILHA DO AMEIXAL","Brazil","São Paulo",NA,"Uso Sustentável","0000.00.0036","DadosGeoestatisticos_UCs_21jul2025.csv","ARIE","ARIE_ILHA_DO_AMEIXAL"
"ÁREA DE RELEVANTE INTERESSE ECOLÓGICO ILHAS DA QUEIMADA PEQUENA E QUEIMADA GRANDE","Brazil","São Paulo",NA,"Uso Sustentável","0000.00.0037","DadosGeoestatisticos_UCs_21jul2025.csv","ARIE","ARIE_ILHAS_DA_QUEIMADA_PEQUENA_E_QUEIMADA_GRANDE"
"ÁREA DE RELEVANTE INTERESSE ECOLÓGICO ILHAS QUEIMADA GRANDE E QUEIMADA PEQUENA","Brazil","São Paulo","PERUÍBE (SP)","Uso Sustentável","37","cnuc_2025_08.csv","ARIE","ARIE_ILHAS_QUEIMADA_GRANDE_E_QUEIMADA_PEQUENA"
"ÁREA DE RELEVANTE INTERESSE ECOLÓGICO LEOPOLDO MAGNO COUTINHO","Brazil","São Paulo","AGUDOS (SP) - BAURU (SP) - PEDERNEIRAS (SP)","Uso Sustentável","3.889","cnuc_2025_08.csv","ARIE","ARIE_LEOPOLDO_MAGNO_COUTINHO"
"ÁREA DE RELEVANTE INTERESSE ECOLÓGICO MATA DE SANTA GENEBRA","Brazil","São Paulo","CAMPINAS (SP) - PAULÍNIA (SP)","Uso Sustentável","40","cnuc_2025_08.csv","ARIE","ARIE_MATA_DE_SANTA_GENEBRA"
"ÁREA DE RELEVANTE INTERESSE ECOLÓGICO MATÃO DE COSMÓPOLIS","Brazil","São Paulo","ARTUR NOGUEIRA (SP) - COSMÓPOLIS (SP)","Uso Sustentável","41","cnuc_2025_08.csv","ARIE","ARIE_MATAO_DE_COSMOPOLIS"
"ÁREA DE RELEVANTE INTERESSE ECOLÓGICO PEDRA BRANCA","Brazil","São Paulo","TREMEMBÉ (SP)","Uso Sustentável","3.731","cnuc_2025_08.csv","ARIE","ARIE_PEDRA_BRANCA"
"ÁREA DE RELEVANTE INTERESSE ECOLÓGICO SÃO SEBASTIÃO","Brazil","São Paulo","CARAGUATATUBA (SP) - ILHABELA (SP) - SÃO SEBASTIÃO (SP) - UBATUBA (SP)","Uso Sustentável","1.722","cnuc_2025_08.csv","ARIE","ARIE_SAO_SEBASTIAO"
"ÁREA DE RELEVANTE INTERESSE ECOLÓGICO ZONA DE VIDA SILVESTRE APA DA ILHA COMPRIDA","Brazil","São Paulo","ILHA COMPRIDA (SP)","Uso Sustentável","2.843","cnuc_2025_08.csv","ARIE","ARIE_ZVS_APA_DA_ILHA_COMPRIDA"
"ÁREA DE RELEVANTE INTERESSE ECOLÓGICO ZVS – APA ILHA COMPRIDA","Brazil","São Paulo","Iguape",NA,NA,"UCs_IF.csv","ARIE","ARIE_ZVS_–_APA_ILHA_COMPRIDA"
"ESTAÇÃO ECOLÓGICA ANGATUBA","Brazil","São Paulo","ANGATUBA (SP) - GUAREÍ (SP)","Proteção Integral","2.936","cnuc_2025_08.csv","EEC","EEC_ANGATUBA"
"ESTAÇÃO ECOLÓGICA ARARAQUARA","Brazil","São Paulo","Araraquara",NA,NA,"UCs_IF.csv","EEC","EEC_ARARAQUARA"
"ESTAÇÃO ECOLÓGICA ASSIS","Brazil","São Paulo","ASSIS (SP)","Proteção Integral","2.935","cnuc_2025_08.csv","EEC","EEC_ASSIS"
"ESTAÇÃO ECOLÓGICA AVARÉ","Brazil","São Paulo","AVARÉ (SP)","Proteção Integral","2.606","cnuc_2025_08.csv","EEC","EEC_AVARE"
"ESTAÇÃO ECOLÓGICA BANANAL","Brazil","São Paulo","BANANAL (SP)","Proteção Integral","820","cnuc_2025_08.csv","EEC","EEC_BANANAL"
"ESTAÇÃO ECOLÓGICA BANHADOS DE IGUAPE","Brazil","São Paulo","IGUAPE (SP)",NA,"0000.35.1970","relatorio_ucs_05_06_2025_saopaulo.csv","EEC","EEC_BANHADOS_DE_IGUAPE"
"ESTAÇÃO ECOLÓGICA BARREIRO RICO","Brazil","São Paulo","ANHEMBI (SP)","Proteção Integral","1.672","cnuc_2025_08.csv","EEC","EEC_BARREIRO_RICO"
"ESTAÇÃO ECOLÓGICA BAURU","Brazil","São Paulo","BAURU (SP)","Proteção Integral","909","cnuc_2025_08.csv","EEC","EEC_BAURU"
"ESTAÇÃO ECOLÓGICA BRÁULIO GUEDES DA SILVA","Brazil","São Paulo","SOROCABA (SP)","Proteção Integral","3.474","cnuc_2025_08.csv","EEC","EEC_BRAULIO_GUEDES_DA_SILVA"
"ESTAÇÃO ECOLÓGICA CAETETUS","Brazil","São Paulo","ALVINLÂNDIA (SP) - GÁLIA (SP)","Proteção Integral","857","cnuc_2025_08.csv","EEC","EEC_CAETETUS"
"ESTAÇÃO ECOLÓGICA CHAÚAS","Brazil","São Paulo","IGUAPE (SP)","Proteção Integral","817","cnuc_2025_08.csv","EEC","EEC_CHAUAS"
"ESTAÇÃO ECOLÓGICA GOVERNADOR MARIO COVAS","Brazil","São Paulo","SOROCABA (SP)","Proteção Integral","3.25","cnuc_2025_08.csv","EEC","EEC_GOVERNADOR_MARIO_COVAS"
"ESTAÇÃO ECOLÓGICA IBICATU","Brazil","São Paulo","PIRACICABA (SP)","Proteção Integral","819","cnuc_2025_08.csv","EEC","EEC_IBICATU"
"ESTAÇÃO ECOLÓGICA ITABERÁ","Brazil","São Paulo","ITABERÁ (SP)","Proteção Integral","821","cnuc_2025_08.csv","EEC","EEC_ITABERA"
"ESTAÇÃO ECOLÓGICA ITAPETI","Brazil","São Paulo","MOGI DAS CRUZES (SP)","Proteção Integral","910","cnuc_2025_08.csv","EEC","EEC_ITAPETI"
"ESTAÇÃO ECOLÓGICA ITAPEVA","Brazil","São Paulo","ITAPEVA (SP)","Proteção Integral","815","cnuc_2025_08.csv","EEC","EEC_ITAPEVA"
"ESTAÇÃO ECOLÓGICA ITIRAPINA","Brazil","São Paulo","BROTAS (SP) - ITIRAPINA (SP)","Proteção Integral","2.701","cnuc_2025_08.csv","EEC","EEC_ITIRAPINA"
"ESTAÇÃO ECOLÓGICA JATAÍ","Brazil","São Paulo","LUÍS ANTÔNIO (SP)","Proteção Integral","808","cnuc_2025_08.csv","EEC","EEC_JATAI"
"ESTAÇÃO ECOLÓGICA JURÉIA-ITATINS","Brazil","São Paulo","IGUAPE (SP) - ITARIRI (SP) - MIRACATU (SP) - PERUÍBE (SP)","Proteção Integral","862","cnuc_2025_08.csv","EEC","EEC_JUREIA-ITATINS"
"ESTAÇÃO ECOLÓGICA JURÉIA-ITATINS – NÚCLEO GRAJAUNA","Brazil","São Paulo","Peruíbe",NA,NA,"UCs_IF.csv","EEC","EEC_JUREIA-ITATINS_–_NUCLEO_GRAJAUNA"
"ESTAÇÃO ECOLÓGICA JURÉIA-ITATINS – NÚCLEO PEREQUÊ","Brazil","São Paulo","Peruíbe",NA,NA,"UCs_IF.csv","EEC","EEC_JUREIA-ITATINS_–_NUCLEO_PEREQUE"
"ESTAÇÃO ECOLÓGICA JURÉIA-ITATINS – NÚCLEO RIO VERDE","Brazil","São Paulo","Peruíbe",NA,NA,"UCs_IF.csv","EEC","EEC_JUREIA-ITATINS_–_NUCLEO_RIO_VERDE"
"ESTAÇÃO ECOLÓGICA MARÍLIA","Brazil","São Paulo","MARÍLIA (SP)","Proteção Integral","2.605","cnuc_2025_08.csv","EEC","EEC_MARILIA"
"ESTAÇÃO ECOLÓGICA MATA DO JACARÉ","Brazil","São Paulo","BROTAS (SP)","Proteção Integral","818","cnuc_2025_08.csv","EEC","EEC_MATA_DO_JACARE"
"ESTAÇÃO ECOLÓGICA MICO LEÃO PRETO","Brazil","São Paulo","EUCLIDES DA CUNHA PAULISTA (SP) - MARABÁ PAULISTA (SP) - PRESIDENTE EPITÁCIO (SP) - TEODORO SAMPAIO (SP)","Proteção Integral","73","cnuc_2025_08.csv","EEC","EEC_MICO_LEAO_PRETO"
"ESTAÇÃO ECOLÓGICA MICO-LEÃO-PRETO","Brazil","São Paulo",NA,"Proteção Integral","0000.00.0073","DadosGeoestatisticos_UCs_21jul2025.csv","EEC","EEC_MICO-LEAO-PRETO"
"ESTAÇÃO ECOLÓGICA MOGI-GUAÇU","Brazil","São Paulo","MOGI GUAÇU (SP)","Proteção Integral","2.617","cnuc_2025_08.csv","EEC","EEC_MOGI-GUACU"
"ESTAÇÃO ECOLÓGICA MUNICIPAL DO CAETÊ","Brazil","São Paulo","BRAGANÇA PAULISTA (SP)","Proteção Integral","3.854","cnuc_2025_08.csv","EEC","EEC_MUNICIPAL_DO_CAETE"
"ESTAÇÃO ECOLÓGICA MUNICIPAL DO PIRAJIBU","Brazil","São Paulo","SOROCABA (SP)","Proteção Integral","3.249","cnuc_2025_08.csv","EEC","EEC_MUNICIPAL_DO_PIRAJIBU"
"ESTAÇÃO ECOLÓGICA MUNICIPAL GUARANI","Brazil","São Paulo","RIBEIRÃO PRETO (SP)","Proteção Integral","3.892","cnuc_2025_08.csv","EEC","EEC_MUNICIPAL_GUARANI"
"ESTAÇÃO ECOLÓGICA NOROESTE PAULISTA","Brazil","São Paulo","MIRASSOL (SP) - SÃO JOSÉ DO RIO PRETO (SP)","Proteção Integral","2.672","cnuc_2025_08.csv","EEC","EEC_NOROESTE_PAULISTA"
"ESTAÇÃO ECOLÓGICA PARANAPANEMA","Brazil","São Paulo","PARANAPANEMA (SP)","Proteção Integral","2.669","cnuc_2025_08.csv","EEC","EEC_PARANAPANEMA"
"ESTAÇÃO ECOLÓGICA PAULO DE FARIA","Brazil","São Paulo","PAULO DE FARIA (SP)","Proteção Integral","807","cnuc_2025_08.csv","EEC","EEC_PAULO_DE_FARIA"
"ESTAÇÃO ECOLÓGICA RIBEIRÃO PRETO","Brazil","São Paulo","RIBEIRÃO PRETO (SP)","Proteção Integral","812","cnuc_2025_08.csv","EEC","EEC_RIBEIRAO_PRETO"
"ESTAÇÃO ECOLÓGICA SANTA BÁRBARA","Brazil","São Paulo","ÁGUAS DE SANTA BÁRBARA (SP)","Proteção Integral","2.699","cnuc_2025_08.csv","EEC","EEC_SANTA_BARBARA"
"ESTAÇÃO ECOLÓGICA SANTA MARIA","Brazil","São Paulo","SÃO SIMÃO (SP)","Proteção Integral","2.697","cnuc_2025_08.csv","EEC","EEC_SANTA_MARIA"
"ESTAÇÃO ECOLÓGICA SEBASTIÃO ALEIXO DA SILVA","Brazil","São Paulo","Bauru",NA,NA,"UCs_IF.csv","EEC","EEC_SEBASTIAO_ALEIXO_DA_SILVA"
"ESTAÇÃO ECOLÓGICA TANQUE GRANDE","Brazil","São Paulo","GUARULHOS (SP)","Proteção Integral","2.781","cnuc_2025_08.csv","EEC","EEC_TANQUE_GRANDE"
"ESTAÇÃO ECOLÓGICA TUPINAMBÁS","Brazil","São Paulo","SÃO SEBASTIÃO (SP) - UBATUBA (SP)","Proteção Integral","64","cnuc_2025_08.csv","EEC","EEC_TUPINAMBAS"
"ESTAÇÃO ECOLÓGICA TUPINIQUINS","Brazil","São Paulo","CANANÉIA (SP) - ITANHAÉM (SP) - PERUÍBE (SP)","Proteção Integral","71","cnuc_2025_08.csv","EEC","EEC_TUPINIQUINS"
"ESTAÇÃO ECOLÓGICA VALINHOS","Brazil","São Paulo","VALINHOS (SP)","Proteção Integral","863","cnuc_2025_08.csv","EEC","EEC_VALINHOS"
"ESTAÇÃO ECOLÓGICA XITUÉ","Brazil","São Paulo","RIBEIRÃO GRANDE (SP)","Proteção Integral","911","cnuc_2025_08.csv","EEC","EEC_XITUE"
"FLORESTA ESTADUAL ANGATUBA","Brazil","São Paulo","Angatuba",NA,NA,"UCs_IF.csv","FE","FE_ANGATUBA"
"FLORESTA ESTADUAL ASSIS","Brazil","São Paulo","ASSIS (SP)","Uso Sustentável","2.937","cnuc_2025_08.csv","FE","FE_ASSIS"
"FLORESTA ESTADUAL AVARÉ I","Brazil","São Paulo","Avaré/SP",NA,NA,"UCs_IF.csv","FE","FE_AVARE_I"
"FLORESTA ESTADUAL AVARÉ II","Brazil","São Paulo","Avaré/SP",NA,NA,"UCs_IF.csv","FE","FE_AVARE_II"
"FLORESTA ESTADUAL EDMUNDO NAVARRO DE ANDRADE","Brazil","São Paulo","RIO CLARO (SP) - SANTA GERTRUDES (SP)","Uso Sustentável","852","cnuc_2025_08.csv","FE","FE_EDMUNDO_NAVARRO_DE_ANDRADE"
"FLORESTA ESTADUAL GUARULHOS","Brazil","São Paulo","GUARULHOS (SP)","Uso Sustentável","2.7","cnuc_2025_08.csv","FE","FE_GUARULHOS"
"FLORESTA ESTADUAL NOROESTE PAULISTA","Brazil","São Paulo","MIRASSOL (SP) - SÃO JOSÉ DO RIO PRETO (SP)","Uso Sustentável","3.74","cnuc_2025_08.csv","FE","FE_NOROESTE_PAULISTA"
"FLORESTA ESTADUAL PEDERNEIRAS","Brazil","São Paulo","PEDERNEIRAS (SP)","Uso Sustentável","2.618","cnuc_2025_08.csv","FE","FE_PEDERNEIRAS"
"FLORESTA ESTADUAL SERRA DÁGUA","Brazil","São Paulo","CAMPINAS (SP)","Uso Sustentável","2.698","cnuc_2025_08.csv","FE","FE_SERRA_DAGUA"
"FLORESTA NACIONAL CAPÃO BONITO","Brazil","São Paulo","BURI (SP) - CAPÃO BONITO (SP)","Uso Sustentável","79","cnuc_2025_08.csv","FLONA","FLONA_CAPAO_BONITO"
"FLORESTA NACIONAL IPANEMA","Brazil","São Paulo","ARAÇOIABA DA SERRA (SP) - CAPELA DO ALTO (SP) - IPERÓ (SP)","Uso Sustentável","94","cnuc_2025_08.csv","FLONA","FLONA_IPANEMA"
"FLORESTA NACIONAL LORENA","Brazil","São Paulo","LORENA (SP)","Uso Sustentável","98","cnuc_2025_08.csv","FLONA","FLONA_LORENA"
"MONUMENTO NATURAL ESTADUAL MANTIQUEIRA PAULISTA","Brazil","São Paulo","CRUZEIRO (SP) - PIQUETE (SP)","Proteção Integral","4.297","cnuc_2025_08.csv","MNE","MNE_MANTIQUEIRA_PAULISTA"
"MONUMENTO NATURAL ESTADUAL PEDRA DO BAÚ","Brazil","São Paulo","SÃO BENTO DO SAPUCAÍ (SP)","Proteção Integral","1.968","cnuc_2025_08.csv","MNE","MNE_PEDRA_DO_BAU"
"MONUMENTO NATURAL ESTADUAL PEDRA GRANDE","Brazil","São Paulo","ATIBAIA (SP) - BOM JESUS DOS PERDÕES (SP) - MAIRIPORÃ (SP) - NAZARÉ PAULISTA (SP)","Proteção Integral","1.967","cnuc_2025_08.csv","MNE","MNE_PEDRA_GRANDE"
"MONUMENTO NATURAL MUNICIPAL DO PICO DO ITAGUARÉ","Brazil","São Paulo","CRUZEIRO (SP)","Proteção Integral","2.84","cnuc_2025_08.csv","MONA","MONA_MUNICIPAL_DO_PICO_DO_ITAGUARE"
"PARQUE ESTADUAL AGUAPEÍ","Brazil","São Paulo","CASTILHO (SP) - GUARAÇAÍ (SP) - JUNQUEIRÓPOLIS (SP) - MONTE CASTELO (SP) - NOVA INDEPENDÊNCIA (SP) - SÃO JOÃO DO PAU D'ALHO (SP)","Proteção Integral","845","cnuc_2025_08.csv","PE","PE_AGUAPEI"
"PARQUE ESTADUAL ÁGUAS DA BILLINGS","Brazil","São Paulo","SÃO BERNARDO DO CAMPO (SP)","Proteção Integral","3.656","cnuc_2025_08.csv","PE","PE_AGUAS_DA_BILLINGS"
"PARQUE ESTADUAL ÁGUAS DA PRATA","Brazil","São Paulo","ÁGUAS DA PRATA (SP)","Proteção Integral","869","cnuc_2025_08.csv","PE","PE_AGUAS_DA_PRATA"
"PARQUE ESTADUAL ALBERTO LÖFGREN","Brazil","São Paulo","SÃO PAULO (SP)","Proteção Integral","2.559","cnuc_2025_08.csv","PE","PE_ALBERTO_LOFGREN"
"PARQUE ESTADUAL ARA","Brazil","São Paulo","CAMPINAS (SP) - VALINHOS (SP)","Proteção Integral","913","cnuc_2025_08.csv","PE","PE_ARA"
"PARQUE ESTADUAL ASSESSORIA DA REFORMA AGRÁRIA","Brazil","São Paulo","Valinhos",NA,NA,"UCs_IF.csv","PE","PE_ASSESSORIA_DA_REFORMA_AGRARIA"
"PARQUE ESTADUAL CAMPINA DO ENCANTADO","Brazil","São Paulo","PARIQUERA-AÇU (SP)","Proteção Integral","854","cnuc_2025_08.csv","PE","PE_CAMPINA_DO_ENCANTADO"
"PARQUE ESTADUAL CAMPOS DO JORDÃO","Brazil","São Paulo","CAMPOS DO JORDÃO (SP)","Proteção Integral","800","cnuc_2025_08.csv","PE","PE_CAMPOS_DO_JORDAO"
"PARQUE ESTADUAL CANTAREIRA","Brazil","São Paulo","CAIEIRAS (SP) - GUARULHOS (SP) - MAIRIPORÃ (SP) - SÃO PAULO (SP)","Proteção Integral","844","cnuc_2025_08.csv","PE","PE_CANTAREIRA"
"PARQUE ESTADUAL CANTAREIRA – NÚCLEO ÁGUAS CLARAS","Brazil","São Paulo","Mairiporã",NA,NA,"UCs_IF.csv","PE","PE_CANTAREIRA_–_NUCLEO_AGUAS_CLARAS"
"PARQUE ESTADUAL CANTAREIRA – NÚCLEO CABUÇU","Brazil","São Paulo","Guarulhos",NA,NA,"UCs_IF.csv","PE","PE_CANTAREIRA_–_NUCLEO_CABUCU"
"PARQUE ESTADUAL CANTAREIRA – NÚCLEO ENGORDADOR","Brazil","São Paulo","São Paulo",NA,NA,"UCs_IF.csv","PE","PE_CANTAREIRA_–_NUCLEO_ENGORDADOR"
"PARQUE ESTADUAL CANTAREIRA – NÚCLEO PEDRA GRANDE","Brazil","São Paulo","São Paulo",NA,NA,"UCs_IF.csv","PE","PE_CANTAREIRA_–_NUCLEO_PEDRA_GRANDE"
"PARQUE ESTADUAL CARLOS BOTELHO","Brazil","São Paulo","CAPÃO BONITO (SP) - SÃO MIGUEL ARCANJO (SP) - SETE BARRAS (SP)","Proteção Integral","810","cnuc_2025_08.csv","PE","PE_CARLOS_BOTELHO"
"PARQUE ESTADUAL CARLOS BOTELHO – NÚCLEO SÃO MIGUEL ARCANJO","Brazil","São Paulo","São Miguel Arcanjo",NA,NA,"UCs_IF.csv","PE","PE_CARLOS_BOTELHO_–_NUCLEO_SAO_MIGUEL_ARCANJO"
"PARQUE ESTADUAL CARLOS BOTELHO – NÚCLEO SETE BARRAS","Brazil","São Paulo","São Miguel Arcanjo",NA,NA,"UCs_IF.csv","PE","PE_CARLOS_BOTELHO_–_NUCLEO_SETE_BARRAS"
"PARQUE ESTADUAL CAVERNA DO DIABO","Brazil","São Paulo","BARRA DO TURVO (SP) - CAJATI (SP) - ELDORADO (SP) - IPORANGA (SP)","Proteção Integral","1.675","cnuc_2025_08.csv","PE","PE_CAVERNA_DO_DIABO"
"PARQUE ESTADUAL FONTES DO IPIRANGA","Brazil","São Paulo","SÃO PAULO (SP)","Proteção Integral","2.867","cnuc_2025_08.csv","PE","PE_FONTES_DO_IPIRANGA"
"PARQUE ESTADUAL FURNAS DO BOM JESUS","Brazil","São Paulo","PEDREGULHO (SP)","Proteção Integral","825","cnuc_2025_08.csv","PE","PE_FURNAS_DO_BOM_JESUS"
"PARQUE ESTADUAL ILHA ANCHIETA","Brazil","São Paulo","UBATUBA (SP)","Proteção Integral","856","cnuc_2025_08.csv","PE","PE_ILHA_ANCHIETA"
"PARQUE ESTADUAL ILHA DO CARDOSO","Brazil","São Paulo","CANANÉIA (SP)","Proteção Integral","841","cnuc_2025_08.csv","PE","PE_ILHA_DO_CARDOSO"
"PARQUE ESTADUAL ILHA DO CARDOSO – NÚCLEO MARUJÁ","Brazil","São Paulo","Cananéa",NA,NA,"UCs_IF.csv","PE","PE_ILHA_DO_CARDOSO_–_NUCLEO_MARUJA"
"PARQUE ESTADUAL ILHA DO CARDOSO – NÚCLEO PEREQUÊ","Brazil","São Paulo","Cananéia",NA,NA,"UCs_IF.csv","PE","PE_ILHA_DO_CARDOSO_–_NUCLEO_PEREQUE"
"PARQUE ESTADUAL ILHABELA","Brazil","São Paulo","ILHABELA (SP)","Proteção Integral","855","cnuc_2025_08.csv","PE","PE_ILHABELA"
"PARQUE ESTADUAL INTERVALES","Brazil","São Paulo","RIBEIRÃO GRANDE (SP)","Proteção Integral","1.676","cnuc_2025_08.csv","PE","PE_INTERVALES"
"PARQUE ESTADUAL INTERVALES – NÚCLEO GUAPIRUVU","Brazil","São Paulo","–",NA,NA,"UCs_IF.csv","PE","PE_INTERVALES_–_NUCLEO_GUAPIRUVU"
"PARQUE ESTADUAL INTERVALES – NÚCLEO QUILOMBO","Brazil","São Paulo","–",NA,NA,"UCs_IF.csv","PE","PE_INTERVALES_–_NUCLEO_QUILOMBO"
"PARQUE ESTADUAL ITABERABA","Brazil","São Paulo","ARUJÁ (SP) - GUARULHOS (SP) - NAZARÉ PAULISTA (SP) - SANTA ISABEL (SP)","Proteção Integral","1.966","cnuc_2025_08.csv","PE","PE_ITABERABA"
"PARQUE ESTADUAL ITAPETINGA","Brazil","São Paulo","ATIBAIA (SP) - BOM JESUS DOS PERDÕES (SP) - MAIRIPORÃ (SP) - NAZARÉ PAULISTA (SP)","Proteção Integral","1.965","cnuc_2025_08.csv","PE","PE_ITAPETINGA"
"PARQUE ESTADUAL ITINGUÇU","Brazil","São Paulo","IGUAPE (SP) - PERUÍBE (SP)","Proteção Integral","1.677","cnuc_2025_08.csv","PE","PE_ITINGUCU"
"PARQUE ESTADUAL JARAGUÁ","Brazil","São Paulo","OSASCO (SP) - SÃO PAULO (SP)","Proteção Integral","859","cnuc_2025_08.csv","PE","PE_JARAGUA"
"PARQUE ESTADUAL JUQUERY","Brazil","São Paulo","CAIEIRAS (SP) - FRANCO DA ROCHA (SP)","Proteção Integral","831","cnuc_2025_08.csv","PE","PE_JUQUERY"
"PARQUE ESTADUAL JURUPARÁ","Brazil","São Paulo","IBIÚNA (SP) - PIEDADE (SP)","Proteção Integral","801","cnuc_2025_08.csv","PE","PE_JURUPARA"
"PARQUE ESTADUAL LAGAMAR DE CANANEIA","Brazil","São Paulo","CANANÉIA (SP) - JACUPIRANGA (SP)","Proteção Integral","1.678","cnuc_2025_08.csv","PE","PE_LAGAMAR_DE_CANANEIA"
"PARQUE ESTADUAL MANANCIAIS DE CAMPOS DO JORDÃO","Brazil","São Paulo","CAMPOS DO JORDÃO (SP)","Proteção Integral","836","cnuc_2025_08.csv","PE","PE_MANANCIAIS_DE_CAMPOS_DO_JORDAO"
"PARQUE ESTADUAL MARINHO DA LAJE DE SANTOS","Brazil","São Paulo","SANTOS (SP)","Proteção Integral","834","cnuc_2025_08.csv","PE","PE_MARINHO_DA_LAJE_DE_SANTOS"
"PARQUE ESTADUAL MORRO DO DIABO","Brazil","São Paulo","TEODORO SAMPAIO (SP)","Proteção Integral","816","cnuc_2025_08.csv","PE","PE_MORRO_DO_DIABO"
"PARQUE ESTADUAL NASCENTES DO PARANAPANEMA","Brazil","São Paulo","CAPÃO BONITO (SP)","Proteção Integral","2.839","cnuc_2025_08.csv","PE","PE_NASCENTES_DO_PARANAPANEMA"
"PARQUE ESTADUAL PORTO FERREIRA","Brazil","São Paulo","PORTO FERREIRA (SP)","Proteção Integral","823","cnuc_2025_08.csv","PE","PE_PORTO_FERREIRA"
"PARQUE ESTADUAL PRELADO","Brazil","São Paulo","IGUAPE (SP)","Proteção Integral","1.679","cnuc_2025_08.csv","PE","PE_PRELADO"
"PARQUE ESTADUAL RESTINGA DE BERTIOGA","Brazil","São Paulo","BERTIOGA (SP)","Proteção Integral","1.964","cnuc_2025_08.csv","PE","PE_RESTINGA_DE_BERTIOGA"
"PARQUE ESTADUAL RIO DO PEIXE","Brazil","São Paulo","Escritório de Apoio:Junqueirópolis",NA,NA,"UCs_IF.csv","PE","PE_RIO_DO_PEIXE"
"PARQUE ESTADUAL RIO TURVO","Brazil","São Paulo","BARRA DO TURVO (SP) - CAJATI (SP) - JACUPIRANGA (SP)","Proteção Integral","1.969","cnuc_2025_08.csv","PE","PE_RIO_TURVO"
"PARQUE ESTADUAL RIO TURVO – NÚCLEO CAPELINHA","Brazil","São Paulo","Cajati",NA,NA,"UCs_IF.csv","PE","PE_RIO_TURVO_–_NUCLEO_CAPELINHA"
"PARQUE ESTADUAL RIO TURVO – NÚCLEO CEDRO","Brazil","São Paulo","Barra do Turvo",NA,NA,"UCs_IF.csv","PE","PE_RIO_TURVO_–_NUCLEO_CEDRO"
"PARQUE ESTADUAL SERRA DO MAR","Brazil","São Paulo","BERTIOGA (SP) - BIRITIBA MIRIM (SP) - CARAGUATATUBA (SP) - CUBATÃO (SP) - CUNHA (SP) - ITANHAÉM (SP) - JUQUITIBA (SP) - MOGI DAS CRUZES (SP) - MONGAGUÁ (SP) - NATIVIDADE DA SERRA (SP) - PARAIBUNA (SP) - PEDRO DE TOLEDO (SP) - PERUÍBE (SP) - PRAIA GRANDE (SP) - SALESÓPOLIS (SP) - SANTO ANDRÉ (SP) - SANTOS (SP) - SÃO BERNARDO DO CAMPO (SP) - SÃO LUIZ DO PARAITINGA (SP) - SÃO PAULO (SP) - SÃO SEBASTIÃO (SP) - SÃO VICENTE (SP) - UBATUBA (SP)","Proteção Integral","798","cnuc_2025_08.csv","PE","PE_SERRA_DO_MAR"
"PARQUE ESTADUAL TURÍSTICO DO ALTO DO RIBEIRA","Brazil","São Paulo","APIAÍ (SP) - IPORANGA (SP)","Proteção Integral","826","cnuc_2025_08.csv","PE","PE_TURISTICO_DO_ALTO_DO_RIBEIRA"
"PARQUE ESTADUAL VASSUNUNGA","Brazil","São Paulo","SANTA RITA DO PASSA QUATRO (SP)","Proteção Integral","853","cnuc_2025_08.csv","PE","PE_VASSUNUNGA"
"PARQUE ESTADUAL XIXOVÁ-JAPUÍ","Brazil","São Paulo","PRAIA GRANDE (SP) - SÃO VICENTE (SP)","Proteção Integral","833","cnuc_2025_08.csv","PE","PE_XIXOVA-JAPUI"
"PARQUE NATURAL MUNICIPAL AUGUSTO RUSCHI","Brazil","São Paulo","SÃO JOSÉ DOS CAMPOS (SP)","Proteção Integral","2.587","cnuc_2025_08.csv","PNM","PNM_AUGUSTO_RUSCHI"
"PARQUE NATURAL MUNICIPAL BANHADO","Brazil","São Paulo","SÃO JOSÉ DOS CAMPOS (SP)","Proteção Integral","2.727","cnuc_2025_08.csv","PNM","PNM_BANHADO"
"PARQUE NATURAL MUNICIPAL BASALTO","Brazil","São Paulo","ARARAQUARA (SP)","Proteção Integral","4.067","cnuc_2025_08.csv","PNM","PNM_BASALTO"
"PARQUE NATURAL MUNICIPAL BORORÉ","Brazil","São Paulo","SÃO PAULO (SP)","Proteção Integral","2.578","cnuc_2025_08.csv","PNM","PNM_BORORE"
"PARQUE NATURAL MUNICIPAL BRIGADEIRO TOBIAS","Brazil","São Paulo","SOROCABA (SP)","Proteção Integral","3.164","cnuc_2025_08.csv","PNM","PNM_BRIGADEIRO_TOBIAS"
"PARQUE NATURAL MUNICIPAL CABECEIRAS DO ARICANDUVA","Brazil","São Paulo","SÃO PAULO (SP)","Proteção Integral","4.799","cnuc_2025_08.csv","PNM","PNM_CABECEIRAS_DO_ARICANDUVA"
"PARQUE NATURAL MUNICIPAL CACHOEIRA DA MARTA","Brazil","São Paulo","BOTUCATU (SP)","Proteção Integral","2.662","cnuc_2025_08.csv","PNM","PNM_CACHOEIRA_DA_MARTA"
"PARQUE NATURAL MUNICIPAL CAMPO GRANDE","Brazil","São Paulo","CAMPINAS (SP)","Proteção Integral","2.637","cnuc_2025_08.csv","PNM","PNM_CAMPO_GRANDE"
"PARQUE NATURAL MUNICIPAL CERRADO","Brazil","São Paulo","SÃO JOSÉ DOS CAMPOS (SP)","Proteção Integral","4.813","cnuc_2025_08.csv","PNM","PNM_CERRADO"
"PARQUE NATURAL MUNICIPAL CORREDORES DE BIODIVERSIDADE","Brazil","São Paulo","SOROCABA (SP)","Proteção Integral","2.75","cnuc_2025_08.csv","PNM","PNM_CORREDORES_DE_BIODIVERSIDADE"
"PARQUE NATURAL MUNICIPAL COTIA-PARÁ","Brazil","São Paulo","CUBATÃO (SP)","Proteção Integral","4.958","cnuc_2025_08.csv","PNM","PNM_COTIA-PARA"
"PARQUE NATURAL MUNICIPAL CRATERA DE COLÔNIA","Brazil","São Paulo","SÃO PAULO (SP)","Proteção Integral","1.971","cnuc_2025_08.csv","PNM","PNM_CRATERA_DE_COLONIA"
"PARQUE NATURAL MUNICIPAL CULTURA NEGRA - SÍTIO DA CANDINHA","Brazil","São Paulo","GUARULHOS (SP)","Proteção Integral","2.78","cnuc_2025_08.csv","PNM","PNM_CULTURA_NEGRA_-_SITIO_DA_CANDINHA"
"PARQUE NATURAL MUNICIPAL DISTRITO DE SANTA TEREZINHA","Brazil","São Paulo","PIRACICABA (SP)","Proteção Integral","4.325","cnuc_2025_08.csv","PNM","PNM_DISTRITO_DE_SANTA_TEREZINHA"
"PARQUE NATURAL MUNICIPAL DOURADO","Brazil","São Paulo","PIRAJU (SP)","Proteção Integral","3.12","cnuc_2025_08.csv","PNM","PNM_DOURADO"
"PARQUE NATURAL MUNICIPAL DOUTOR RUI CALAZANS DE ARAÚJO","Brazil","São Paulo","PARAIBUNA (SP)","Proteção Integral","2.836","cnuc_2025_08.csv","PNM","PNM_DOUTOR_RUI_CALAZANS_DE_ARAUJO"
"PARQUE NATURAL MUNICIPAL ENGENHO SAO JORGE DOS ERASMOS","Brazil","São Paulo","SANTOS (SP)","Proteção Integral","4.132","cnuc_2025_08.csv","PNM","PNM_ENGENHO_SAO_JORGE_DOS_ERASMOS"
"PARQUE NATURAL MUNICIPAL ESTORIL - VIRGÍLIO SIMIONATO","Brazil","São Paulo","SÃO BERNARDO DO CAMPO (SP)","Proteção Integral","2.955","cnuc_2025_08.csv","PNM","PNM_ESTORIL_-_VIRGILIO_SIMIONATO"
"PARQUE NATURAL MUNICIPAL FAZENDA DO CARMO","Brazil","São Paulo","SÃO PAULO (SP)","Proteção Integral","1.962","cnuc_2025_08.csv","PNM","PNM_FAZENDA_DO_CARMO"
"PARQUE NATURAL MUNICIPAL GROTA DE MIRASSOL","Brazil","São Paulo","MIRASSOL (SP)","Proteção Integral","1.942","cnuc_2025_08.csv","PNM","PNM_GROTA_DE_MIRASSOL"
"PARQUE NATURAL MUNICIPAL ITAIM","Brazil","São Paulo","SÃO PAULO (SP)","Proteção Integral","3.14","cnuc_2025_08.csv","PNM","PNM_ITAIM"
"PARQUE NATURAL MUNICIPAL JACEGUAVA","Brazil","São Paulo","SÃO PAULO (SP)","Proteção Integral","3.141","cnuc_2025_08.csv","PNM","PNM_JACEGUAVA"
"PARQUE NATURAL MUNICIPAL JATOBÁS","Brazil","São Paulo","CAMPINAS (SP)","Proteção Integral","2.631","cnuc_2025_08.csv","PNM","PNM_JATOBAS"
"PARQUE NATURAL MUNICIPAL JUQUERIQUERÊ","Brazil","São Paulo","CARAGUATATUBA (SP)","Proteção Integral","2.776","cnuc_2025_08.csv","PNM","PNM_JUQUERIQUERE"
"PARQUE NATURAL MUNICIPAL MORRO DO OURO","Brazil","São Paulo","APIAÍ (SP)","Proteção Integral","3.143","cnuc_2025_08.csv","PNM","PNM_MORRO_DO_OURO"
"PARQUE NATURAL MUNICIPAL NASCENTES DE PARANAPIACABA","Brazil","São Paulo","SANTO ANDRÉ (SP)","Proteção Integral","2.857","cnuc_2025_08.csv","PNM","PNM_NASCENTES_DE_PARANAPIACABA"
"PARQUE NATURAL MUNICIPAL OLESIO DOS SANTOS","Brazil","São Paulo","SALTO DE PIRAPORA (SP)","Proteção Integral","4.048","cnuc_2025_08.csv","PNM","PNM_OLESIO_DOS_SANTOS"
"PARQUE NATURAL MUNICIPAL PEDROSO","Brazil","São Paulo","SANTO ANDRÉ (SP)","Proteção Integral","2.58","cnuc_2025_08.csv","PNM","PNM_PEDROSO"
"PARQUE NATURAL MUNICIPAL SALTO BOTELHO","Brazil","São Paulo","LUCÉLIA (SP)","Proteção Integral","4.225","cnuc_2025_08.csv","PNM","PNM_SALTO_BOTELHO"
"PARQUE NATURAL MUNICIPAL SÃO ROQUE","Brazil","São Paulo","SÃO ROQUE (SP)","Proteção Integral","3.845","cnuc_2025_08.csv","PNM","PNM_SAO_ROQUE"
"PARQUE NATURAL MUNICIPAL TRABIJU","Brazil","São Paulo","PINDAMONHANGABA (SP)","Proteção Integral","2.723","cnuc_2025_08.csv","PNM","PNM_TRABIJU"
"PARQUE NATURAL MUNICIPAL VALE DO ITAIM","Brazil","São Paulo","TAUBATÉ (SP)","Proteção Integral","3.833","cnuc_2025_08.csv","PNM","PNM_VALE_DO_ITAIM"
"PARQUE NATURAL MUNICIPAL VARGINHA","Brazil","São Paulo","SÃO PAULO (SP)","Proteção Integral","3.139","cnuc_2025_08.csv","PNM","PNM_VARGINHA"
"REFÚGIO DE VIDA SILVESTRE AIMORÉS","Brazil","São Paulo","AGUDOS (SP) - BAURU (SP) - PEDERNEIRAS (SP)","Proteção Integral","3.891","cnuc_2025_08.csv","REVIS","REVIS_AIMORES"
"REFÚGIO DE VIDA SILVESTRE ANHANGUERA","Brazil","São Paulo","SÃO PAULO (SP)","Proteção Integral","4.079","cnuc_2025_08.csv","REVIS","REVIS_ANHANGUERA"
"REFÚGIO DE VIDA SILVESTRE ARQUIPÉLAGO DE ALCATRAZES","Brazil","São Paulo","SÃO SEBASTIÃO (SP)","Proteção Integral","3.432","cnuc_2025_08.csv","REVIS","REVIS_ARQUIPELAGO_DE_ALCATRAZES"
"REFÚGIO DE VIDA SILVESTRE BICUDINHO","Brazil","São Paulo","GUARAREMA (SP)","Proteção Integral","4.538","cnuc_2025_08.csv","REVIS","REVIS_BICUDINHO"
"REFÚGIO DE VIDA SILVESTRE ILHAS DO ABRIGO E GUARARITAMA","Brazil","São Paulo","PERUÍBE (SP)","Proteção Integral","1.681","cnuc_2025_08.csv","REVIS","REVIS_ILHAS_DO_ABRIGO_E_GUARARITAMA"
"REFÚGIO DE VIDA SILVESTRE MATA DA REPRESA","Brazil","São Paulo","CAÇAPAVA (SP)","Proteção Integral","3.22","cnuc_2025_08.csv","REVIS","REVIS_MATA_DA_REPRESA"
"RESERVA BIOLÓGICA ANDRADINA","Brazil","São Paulo","ANDRADINA (SP)","Proteção Integral","2.589","cnuc_2025_08.csv","REBIO","REBIO_ANDRADINA"
"RESERVA BIOLOGICA DE APIAÍ","Brazil","São Paulo","APIAÍ (SP)",NA,"0270.35.2629","relatorio_ucs_05_06_2025_saopaulo.csv",NA,"RESERVA_BIOLOGICA_DE_APIAI"
"RESERVA BIOLÓGICA MOGI-GUAÇU","Brazil","São Paulo","MOGI GUAÇU (SP)","Proteção Integral","4.922","cnuc_2025_08.csv","REBIO","REBIO_MOGI-GUACU"
"RESERVA BIOLÓGICA MUNICIPAL DA SERRA DO JAPI","Brazil","São Paulo","JUNDIAÍ (SP)","Proteção Integral","2.246","cnuc_2025_08.csv","REBIO","REBIO_MUNICIPAL_DA_SERRA_DO_JAPI"
"RESERVA BIOLÓGICA TAMBORÉ","Brazil","São Paulo","SANTANA DE PARNAÍBA (SP)","Proteção Integral","2.799","cnuc_2025_08.csv","REBIO","REBIO_TAMBORE"
"RESERVA DE DESENVOLVIMENTO SUSTENTÁVEL BARRA DO UNA","Brazil","São Paulo","PERUÍBE (SP)","Uso Sustentável","1.687","cnuc_2025_08.csv","RDS","RDS_BARRA_DO_UNA"
"RESERVA DE DESENVOLVIMENTO SUSTENTÁVEL BARREIRO / ANHEMAS","Brazil","São Paulo","Registro",NA,NA,"UCs_IF.csv","RDS","RDS_BARREIRO_/_ANHEMAS"
"RESERVA DE DESENVOLVIMENTO SUSTENTÁVEL DESPRAIADO","Brazil","São Paulo","IGUAPE (SP)","Uso Sustentável","1.689","cnuc_2025_08.csv","RDS","RDS_DESPRAIADO"
"RESERVA DE DESENVOLVIMENTO SUSTENTÁVEL ITAPANHAPIMA","Brazil","São Paulo","CANANÉIA (SP)","Uso Sustentável","1.693","cnuc_2025_08.csv","RDS","RDS_ITAPANHAPIMA"
"RESERVA DE DESENVOLVIMENTO SUSTENTÁVEL LAVRAS","Brazil","São Paulo","CAJATI (SP)","Uso Sustentável","1.69","cnuc_2025_08.csv","RDS","RDS_LAVRAS"
"RESERVA DE DESENVOLVIMENTO SUSTENTÁVEL PINHEIRINHOS","Brazil","São Paulo","BARRA DO TURVO (SP)","Uso Sustentável","1.691","cnuc_2025_08.csv","RDS","RDS_PINHEIRINHOS"
"RESERVA DE DESENVOLVIMENTO SUSTENTÁVEL QUILOMBOS DE BARRA DO TURVO","Brazil","São Paulo","BARRA DO TURVO (SP)","Uso Sustentável","1.692","cnuc_2025_08.csv","RDS","RDS_QUILOMBOS_DE_BARRA_DO_TURVO"
"RESERVA EXTRATIVISTA ILHA DO TUMBA","Brazil","São Paulo","CANANÉIA (SP)","Uso Sustentável","1.685","cnuc_2025_08.csv","RESEX","RESEX_ILHA_DO_TUMBA"
"RESERVA EXTRATIVISTA MANDIRA","Brazil","São Paulo","CANANÉIA (SP)","Uso Sustentável","234","cnuc_2025_08.csv","RESEX","RESEX_MANDIRA"
"RESERVA EXTRATIVISTA TAQUARI","Brazil","São Paulo","CANANÉIA (SP)","Uso Sustentável","1.686","cnuc_2025_08.csv","RESEX","RESEX_TAQUARI"
"RESERVA PARTICULAR DO PATRIMÔNIO NATURAL ÁGUAS CLARAS","Brazil","São Paulo","SÃO LUIZ DO PARAITINGA (SP)","Uso Sustentável","3.094","cnuc_2025_08.csv","RPPN","RPPN_AGUAS_CLARAS"
"RESERVA PARTICULAR DO PATRIMÔNIO NATURAL BESOURO DE FOGO","Brazil","São Paulo","SÃO JOSÉ DO BARREIRO (SP)","Uso Sustentável","4.019","cnuc_2025_08.csv","RPPN","RPPN_BESOURO_DE_FOGO"
"RESERVA PARTICULAR DO PATRIMÔNIO NATURAL BOTUJURU-SERRA DO ITAPETY","Brazil","São Paulo","MOGI DAS CRUZES (SP)","Uso Sustentável","3.387","cnuc_2025_08.csv","RPPN","RPPN_BOTUJURU-SERRA_DO_ITAPETY"
"RESERVA PARTICULAR DO PATRIMÔNIO NATURAL CABURÉ","Brazil","São Paulo","SÃO JOSÉ DO BARREIRO (SP)","Uso Sustentável","3.682","cnuc_2025_08.csv","RPPN","RPPN_CABURE"
"RESERVA PARTICULAR DO PATRIMÔNIO NATURAL CACHOEIRA DA LUISA","Brazil","São Paulo","BANANAL (SP)","Uso Sustentável","4.216","cnuc_2025_08.csv","RPPN","RPPN_CACHOEIRA_DA_LUISA"
"RESERVA PARTICULAR DO PATRIMÔNIO NATURAL CANDEIA","Brazil","São Paulo","BANANAL (SP)","Uso Sustentável","4.616","cnuc_2025_08.csv","RPPN","RPPN_CANDEIA"
"RESERVA PARTICULAR DO PATRIMÔNIO NATURAL CARBOCLORO S/A","Brazil","São Paulo","CUBATÃO (SP)","Uso Sustentável","1.075","cnuc_2025_08.csv","RPPN","RPPN_CARBOCLORO_S/A"
"RESERVA PARTICULAR DO PATRIMÔNIO NATURAL CAVA II","Brazil","São Paulo","BARRETOS (SP)","Uso Sustentável","2.083","cnuc_2025_08.csv","RPPN","RPPN_CAVA_II"
"RESERVA PARTICULAR DO PATRIMÔNIO NATURAL CENTRO DE VIVÊNCIA COM A NATUREZA - CVN","Brazil","São Paulo","ARAÇOIABA DA SERRA (SP)","Uso Sustentável","1.064","cnuc_2025_08.csv","RPPN","RPPN_CENTRO_DE_VIVENCIA_COM_A_NATUREZA_-_CVN"
"RESERVA PARTICULAR DO PATRIMÔNIO NATURAL CHACARA SANTA INEZ","Brazil","São Paulo","BANANAL (SP)","Uso Sustentável","3.421","cnuc_2025_08.csv","RPPN","RPPN_CHACARA_SANTA_INEZ"
"RESERVA PARTICULAR DO PATRIMÔNIO NATURAL COPAÍBA","Brazil","São Paulo","SOCORRO (SP)","Uso Sustentável","3.89","cnuc_2025_08.csv","RPPN","RPPN_COPAIBA"
"RESERVA PARTICULAR DO PATRIMÔNIO NATURAL CRUZ PRETA","Brazil","São Paulo","IBIÚNA (SP)","Uso Sustentável","2.741","cnuc_2025_08.csv","RPPN","RPPN_CRUZ_PRETA"
"RESERVA PARTICULAR DO PATRIMÔNIO NATURAL DUAS CACHOEIRAS","Brazil","São Paulo","AMPARO (SP)","Uso Sustentável","4.073","cnuc_2025_08.csv","RPPN","RPPN_DUAS_CACHOEIRAS"
"RESERVA PARTICULAR DO PATRIMÔNIO NATURAL ECOWORLD","Brazil","São Paulo","ATIBAIA (SP)","Uso Sustentável","1.074","cnuc_2025_08.csv","RPPN","RPPN_ECOWORLD"
"RESERVA PARTICULAR DO PATRIMÔNIO NATURAL ESTÂNCIA JATOBÁ","Brazil","São Paulo","JAGUARIÚNA (SP)","Uso Sustentável","1.063","cnuc_2025_08.csv","RPPN","RPPN_ESTANCIA_JATOBA"
"RESERVA PARTICULAR DO PATRIMÔNIO NATURAL FAZENDA BELA AURORA","Brazil","São Paulo","CRUZEIRO (SP)","Uso Sustentável","1.062","cnuc_2025_08.csv","RPPN","RPPN_FAZENDA_BELA_AURORA"
"RESERVA PARTICULAR DO PATRIMÔNIO NATURAL FAZENDA CATADUPA","Brazil","São Paulo","SÃO JOSÉ DO BARREIRO (SP)","Uso Sustentável","4.478","cnuc_2025_08.csv","RPPN","RPPN_FAZENDA_CATADUPA"
"RESERVA PARTICULAR DO PATRIMÔNIO NATURAL FAZENDA HORII","Brazil","São Paulo","GUAPIARA (SP)","Uso Sustentável","1.061","cnuc_2025_08.csv","RPPN","RPPN_FAZENDA_HORII"
"RESERVA PARTICULAR DO PATRIMÔNIO NATURAL FAZENDA MATA NATIVA","Brazil","São Paulo","IGUAPE (SP)","Uso Sustentável","4.323","cnuc_2025_08.csv","RPPN","RPPN_FAZENDA_MATA_NATIVA"
"RESERVA PARTICULAR DO PATRIMÔNIO NATURAL FAZENDA PALMIRA","Brazil","São Paulo","SERRA AZUL (SP)","Uso Sustentável","1.067","cnuc_2025_08.csv","RPPN","RPPN_FAZENDA_PALMIRA"
"RESERVA PARTICULAR DO PATRIMÔNIO NATURAL FAZENDA RELÓGIO QUEIMADO","Brazil","São Paulo","CAFELÂNDIA (SP)","Uso Sustentável","1.058","cnuc_2025_08.csv","RPPN","RPPN_FAZENDA_RELOGIO_QUEIMADO"
"RESERVA PARTICULAR DO PATRIMÔNIO NATURAL FAZENDA RENOPOLIS","Brazil","São Paulo","SANTO ANTÔNIO DO PINHAL (SP)","Uso Sustentável","2.326","cnuc_2025_08.csv","RPPN","RPPN_FAZENDA_RENOPOLIS"
"RESERVA PARTICULAR DO PATRIMÔNIO NATURAL FAZENDA SAN MICHELE","Brazil","São Paulo","SÃO JOSÉ DOS CAMPOS (SP)","Uso Sustentável","1.056","cnuc_2025_08.csv","RPPN","RPPN_FAZENDA_SAN_MICHELE"
"RESERVA PARTICULAR DO PATRIMÔNIO NATURAL FAZENDA SERRINHA","Brazil","São Paulo","BRAGANÇA PAULISTA (SP)","Uso Sustentável","1.073","cnuc_2025_08.csv","RPPN","RPPN_FAZENDA_SERRINHA"
"RESERVA PARTICULAR DO PATRIMÔNIO NATURAL FAZENDA SILVO AGRO-PASTORIL GONÇALVES","Brazil","São Paulo","TAPIRAÍ (SP)","Uso Sustentável","1.054","cnuc_2025_08.csv","RPPN","RPPN_FAZENDA_SILVO_AGRO-PASTORIL_GONCALVES"
"RESERVA PARTICULAR DO PATRIMÔNIO NATURAL FERLAG RESINAS BRASIL","Brazil","São Paulo","NOVA CAMPINA (SP)","Uso Sustentável","4.546","cnuc_2025_08.csv","RPPN","RPPN_FERLAG_RESINAS_BRASIL"
"RESERVA PARTICULAR DO PATRIMÔNIO NATURAL FLORESTA DAS ÁGUAS PERENES","Brazil","São Paulo","BROTAS (SP)","Uso Sustentável","2.635","cnuc_2025_08.csv","RPPN","RPPN_FLORESTA_DAS_AGUAS_PERENES"
"RESERVA PARTICULAR DO PATRIMÔNIO NATURAL FLORESTA MARIA HELENA","Brazil","São Paulo","CERQUEIRA CÉSAR (SP)","Uso Sustentável","4.954","cnuc_2025_08.csv","RPPN","RPPN_FLORESTA_MARIA_HELENA"
"RESERVA PARTICULAR DO PATRIMÔNIO NATURAL FLORESTA NEGRA","Brazil","São Paulo","ARAÇOIABA DA SERRA (SP)","Uso Sustentável","1.055","cnuc_2025_08.csv","RPPN","RPPN_FLORESTA_NEGRA"
"RESERVA PARTICULAR DO PATRIMÔNIO NATURAL FRUTA DO LOBO","Brazil","São Paulo","BANANAL (SP)","Uso Sustentável","5.014","cnuc_2025_08.csv","RPPN","RPPN_FRUTA_DO_LOBO"
"RESERVA PARTICULAR DO PATRIMÔNIO NATURAL GIGANTE DO ITAGUARÉ","Brazil","São Paulo","CRUZEIRO (SP)","Uso Sustentável","3.73","cnuc_2025_08.csv","RPPN","RPPN_GIGANTE_DO_ITAGUARE"
"RESERVA PARTICULAR DO PATRIMÔNIO NATURAL GUAINUMBI","Brazil","São Paulo","SÃO LUIZ DO PARAITINGA (SP)","Uso Sustentável","3.65","cnuc_2025_08.csv","RPPN","RPPN_GUAINUMBI"
"RESERVA PARTICULAR DO PATRIMÔNIO NATURAL HERCULES FLORENCE 1 E 2","Brazil","São Paulo",NA,NA,NA,"UCs_IF.csv","RPPN","RPPN_HERCULES_FLORENCE_1_E_2"
"RESERVA PARTICULAR DO PATRIMÔNIO NATURAL HERCULES FLORENCE 3","Brazil","São Paulo",NA,NA,NA,"UCs_IF.csv","RPPN","RPPN_HERCULES_FLORENCE_3"
"RESERVA PARTICULAR DO PATRIMÔNIO NATURAL JACARANDÁS","Brazil","São Paulo","NAZARÉ PAULISTA (SP)","Uso Sustentável","4.324","cnuc_2025_08.csv","RPPN","RPPN_JACARANDAS"
"RESERVA PARTICULAR DO PATRIMÔNIO NATURAL JAGUARETÊ","Brazil","São Paulo","BANANAL (SP)","Uso Sustentável","4.131","cnuc_2025_08.csv","RPPN","RPPN_JAGUARETE"
"RESERVA PARTICULAR DO PATRIMÔNIO NATURAL KON TIKI","Brazil","São Paulo",NA,NA,NA,"UCs_IF.csv","RPPN","RPPN_KON_TIKI"
"RESERVA PARTICULAR DO PATRIMÔNIO NATURAL LAFIGUEIRA - NATURARTE","Brazil","São Paulo","PIRACAIA (SP)","Uso Sustentável","3.671","cnuc_2025_08.csv","RPPN","RPPN_LAFIGUEIRA_-_NATURARTE"
"RESERVA PARTICULAR DO PATRIMÔNIO NATURAL MAHAYANA","Brazil","São Paulo","MOGI DAS CRUZES (SP)","Uso Sustentável","2.019","cnuc_2025_08.csv","RPPN","RPPN_MAHAYANA"
"RESERVA PARTICULAR DO PATRIMÔNIO NATURAL MARINA DO CONDE","Brazil","São Paulo","GUARUJÁ (SP)","Uso Sustentável","3.425","cnuc_2025_08.csv","RPPN","RPPN_MARINA_DO_CONDE"
"RESERVA PARTICULAR DO PATRIMÔNIO NATURAL MATA DO ROQUE","Brazil","São Paulo","PIRASSUNUNGA (SP)","Uso Sustentável","4.363","cnuc_2025_08.csv","RPPN","RPPN_MATA_DO_ROQUE"
"RESERVA PARTICULAR DO PATRIMÔNIO NATURAL MATA VIRGEM","Brazil","São Paulo","SÃO PAULO (SP)","Uso Sustentável","4.709","cnuc_2025_08.csv","RPPN","RPPN_MATA_VIRGEM"
"RESERVA PARTICULAR DO PATRIMÔNIO NATURAL MEANDROS","Brazil","São Paulo","IBIÚNA (SP)","Uso Sustentável","1.059","cnuc_2025_08.csv","RPPN","RPPN_MEANDROS"
"RESERVA PARTICULAR DO PATRIMÔNIO NATURAL MEANDROS II","Brazil","São Paulo","IBIÚNA (SP)","Uso Sustentável","1.049","cnuc_2025_08.csv","RPPN","RPPN_MEANDROS_II"
"RESERVA PARTICULAR DO PATRIMÔNIO NATURAL MEANDROS III","Brazil","São Paulo","IBIÚNA (SP)","Uso Sustentável","1.06","cnuc_2025_08.csv","RPPN","RPPN_MEANDROS_III"
"RESERVA PARTICULAR DO PATRIMÔNIO NATURAL MORRO DO CURUSSU MIRIM","Brazil","São Paulo","UBATUBA (SP)","Uso Sustentável","1.053","cnuc_2025_08.csv","RPPN","RPPN_MORRO_DO_CURUSSU_MIRIM"
"RESERVA PARTICULAR DO PATRIMÔNIO NATURAL MOSQUITO","Brazil","São Paulo","NARANDIBA (SP)","Uso Sustentável","2.317","cnuc_2025_08.csv","RPPN","RPPN_MOSQUITO"
"RESERVA PARTICULAR DO PATRIMÔNIO NATURAL MUTINGA","Brazil","São Paulo","SÃO PAULO (SP)","Uso Sustentável","2.562","cnuc_2025_08.csv","RPPN","RPPN_MUTINGA"
"RESERVA PARTICULAR DO PATRIMÔNIO NATURAL NARDINI SEMPRE VERDE","Brazil","São Paulo","MONTE ALTO (SP)","Uso Sustentável","4.848","cnuc_2025_08.csv","RPPN","RPPN_NARDINI_SEMPRE_VERDE"
"RESERVA PARTICULAR DO PATRIMÔNIO NATURAL O PRIMATA","Brazil","São Paulo","SÃO JOSÉ DOS CAMPOS (SP)","Uso Sustentável","2.262","cnuc_2025_08.csv","RPPN","RPPN_O_PRIMATA"
"RESERVA PARTICULAR DO PATRIMÔNIO NATURAL OLHO D'ÁGUA","Brazil","São Paulo","BANANAL (SP)","Uso Sustentável","4.217","cnuc_2025_08.csv","RPPN","RPPN_OLHO_D'AGUA"
"RESERVA PARTICULAR DO PATRIMÔNIO NATURAL PARAÍSO","Brazil","São Paulo","MAIRIPORÃ (SP)","Uso Sustentável","2.015","cnuc_2025_08.csv","RPPN","RPPN_PARAISO"
"RESERVA PARTICULAR DO PATRIMÔNIO NATURAL PARQUE DAS NASCENTES","Brazil","São Paulo","BRAGANÇA PAULISTA (SP)","Uso Sustentável","2.148","cnuc_2025_08.csv","RPPN","RPPN_PARQUE_DAS_NASCENTES"
"RESERVA PARTICULAR DO PATRIMÔNIO NATURAL PARQUE DO ZIZO","Brazil","São Paulo","TAPIRAÍ (SP)","Uso Sustentável","4.233","cnuc_2025_08.csv","RPPN","RPPN_PARQUE_DO_ZIZO"
"RESERVA PARTICULAR DO PATRIMÔNIO NATURAL PARQUE DOS PÁSSAROS","Brazil","São Paulo","BRAGANÇA PAULISTA (SP)","Uso Sustentável","1.066","cnuc_2025_08.csv","RPPN","RPPN_PARQUE_DOS_PASSAROS"
"RESERVA PARTICULAR DO PATRIMÔNIO NATURAL PARQUE FLORESTAL SÃO MARCELO","Brazil","São Paulo","MOGI MIRIM (SP)","Uso Sustentável","1.051","cnuc_2025_08.csv","RPPN","RPPN_PARQUE_FLORESTAL_SAO_MARCELO"
"RESERVA PARTICULAR DO PATRIMÔNIO NATURAL PEDRA DA MINA","Brazil","São Paulo","QUELUZ (SP)","Uso Sustentável","3.424","cnuc_2025_08.csv","RPPN","RPPN_PEDRA_DA_MINA"
"RESERVA PARTICULAR DO PATRIMÔNIO NATURAL PORTO DO IFÉ","Brazil","São Paulo","COLÔMBIA (SP)","Uso Sustentável","3.737","cnuc_2025_08.csv","RPPN","RPPN_PORTO_DO_IFE"
"RESERVA PARTICULAR DO PATRIMÔNIO NATURAL POUSADA CAMPOS DA BOCAINA","Brazil","São Paulo","SÃO JOSÉ DO BARREIRO (SP)","Uso Sustentável","2.325","cnuc_2025_08.csv","RPPN","RPPN_POUSADA_CAMPOS_DA_BOCAINA"
"RESERVA PARTICULAR DO PATRIMÔNIO NATURAL RECANTO OLHO D'ÁGUA","Brazil","São Paulo","BOTUCATU (SP)","Uso Sustentável","4.391","cnuc_2025_08.csv","RPPN","RPPN_RECANTO_OLHO_D'AGUA"
"RESERVA PARTICULAR DO PATRIMÔNIO NATURAL RESERVA DO DADINHO","Brazil","São Paulo","ATIBAIA (SP)","Uso Sustentável","2.795","cnuc_2025_08.csv","RPPN","RPPN_RESERVA_DO_DADINHO"
"RESERVA PARTICULAR DO PATRIMÔNIO NATURAL RESERVA DO JACU","Brazil","São Paulo","ATIBAIA (SP)","Uso Sustentável","3.423","cnuc_2025_08.csv","RPPN","RPPN_RESERVA_DO_JACU"
"RESERVA PARTICULAR DO PATRIMÔNIO NATURAL RESERVA DO PINHAL – GLEBA 02","Brazil","São Paulo",NA,NA,NA,"UCs_IF.csv","RPPN","RPPN_RESERVA_DO_PINHAL_–_GLEBA_02"
"RESERVA PARTICULAR DO PATRIMÔNIO NATURAL RESERVA DO PINHAL – GLEBA 03","Brazil","São Paulo",NA,NA,NA,"UCs_IF.csv","RPPN","RPPN_RESERVA_DO_PINHAL_–_GLEBA_03"
"RESERVA PARTICULAR DO PATRIMÔNIO NATURAL RESERVA DOS MURIQUIS","Brazil","São Paulo","SÃO JOSÉ DOS CAMPOS (SP)","Uso Sustentável","3.789","cnuc_2025_08.csv","RPPN","RPPN_RESERVA_DOS_MURIQUIS"
"RESERVA PARTICULAR DO PATRIMÔNIO NATURAL RESERVA ECOLÓGICA AMADEU BOTELHO","Brazil","São Paulo","JAÚ (SP)","Uso Sustentável","1.05","cnuc_2025_08.csv","RPPN","RPPN_RESERVA_ECOLOGICA_AMADEU_BOTELHO"
"RESERVA PARTICULAR DO PATRIMÔNIO NATURAL RESERVA HINAYANA","Brazil","São Paulo","MOGI DAS CRUZES (SP)","Uso Sustentável","3.42","cnuc_2025_08.csv","RPPN","RPPN_RESERVA_HINAYANA"
"RESERVA PARTICULAR DO PATRIMÔNIO NATURAL RESERVA MAHAYANA","Brazil","São Paulo",NA,NA,NA,"UCs_IF.csv","RPPN","RPPN_RESERVA_MAHAYANA"
"RESERVA PARTICULAR DO PATRIMÔNIO NATURAL RESERVA MURIQUI","Brazil","São Paulo","TAPIRAÍ (SP)","Uso Sustentável","4.852","cnuc_2025_08.csv","RPPN","RPPN_RESERVA_MURIQUI"
"RESERVA PARTICULAR DO PATRIMÔNIO NATURAL RESERVA RIZZIERI","Brazil","São Paulo","SÃO SEBASTIÃO (SP)","Uso Sustentável","1.065","cnuc_2025_08.csv","RPPN","RPPN_RESERVA_RIZZIERI"
"RESERVA PARTICULAR DO PATRIMÔNIO NATURAL RIO DOS PILÕES","Brazil","São Paulo","SANTA ISABEL (SP)","Uso Sustentável","2.201","cnuc_2025_08.csv","RPPN","RPPN_RIO_DOS_PILOES"
"RESERVA PARTICULAR DO PATRIMÔNIO NATURAL RIO VERMELHO","Brazil","São Paulo","BANANAL (SP)","Uso Sustentável","4.518","cnuc_2025_08.csv","RPPN","RPPN_RIO_VERMELHO"
"RESERVA PARTICULAR DO PATRIMÔNIO NATURAL SANTA RITA DE CASSIA","Brazil","São Paulo","QUELUZ (SP)","Uso Sustentável","3.422","cnuc_2025_08.csv","RPPN","RPPN_SANTA_RITA_DE_CASSIA"
"RESERVA PARTICULAR DO PATRIMÔNIO NATURAL SÃO ELIAS","Brazil","São Paulo","CAPIVARI (SP)","Uso Sustentável","3.435","cnuc_2025_08.csv","RPPN","RPPN_SAO_ELIAS"
"RESERVA PARTICULAR DO PATRIMÔNIO NATURAL SÃO JUDAS TADEU","Brazil","São Paulo","JUQUITIBA (SP)","Uso Sustentável","2.02","cnuc_2025_08.csv","RPPN","RPPN_SAO_JUDAS_TADEU"
"RESERVA PARTICULAR DO PATRIMÔNIO NATURAL SÃO LOURENÇO","Brazil","São Paulo","AVARÉ (SP)","Uso Sustentável","4.349","cnuc_2025_08.csv","RPPN","RPPN_SAO_LOURENCO"
"RESERVA PARTICULAR DO PATRIMÔNIO NATURAL SERRA DA BOCAINA","Brazil","São Paulo","SÃO JOSÉ DO BARREIRO (SP)","Uso Sustentável","3.876","cnuc_2025_08.csv","RPPN","RPPN_SERRA_DA_BOCAINA"
"RESERVA PARTICULAR DO PATRIMÔNIO NATURAL SERRA DO ITATINS","Brazil","São Paulo","IGUAPE (SP)","Uso Sustentável","2.318","cnuc_2025_08.csv","RPPN","RPPN_SERRA_DO_ITATINS"
"RESERVA PARTICULAR DO PATRIMÔNIO NATURAL SERRINHA","Brazil","São Paulo","QUELUZ (SP)","Uso Sustentável","3.418","cnuc_2025_08.csv","RPPN","RPPN_SERRINHA"
"RESERVA PARTICULAR DO PATRIMÔNIO NATURAL SÍTIO CAETE","Brazil","São Paulo","NAZARÉ PAULISTA (SP)","Uso Sustentável","3.657","cnuc_2025_08.csv","RPPN","RPPN_SITIO_CAETE"
"RESERVA PARTICULAR DO PATRIMÔNIO NATURAL SÍTIO CAPUAVINHA","Brazil","São Paulo","MAIRIPORÃ (SP)","Uso Sustentável","1.048","cnuc_2025_08.csv","RPPN","RPPN_SITIO_CAPUAVINHA"
"RESERVA PARTICULAR DO PATRIMÔNIO NATURAL SÍTIO CURUCUTU","Brazil","São Paulo","SÃO PAULO (SP)","Uso Sustentável","1.047","cnuc_2025_08.csv","RPPN","RPPN_SITIO_CURUCUTU"
"RESERVA PARTICULAR DO PATRIMÔNIO NATURAL SÍTIO DAS PEDRAS","Brazil","São Paulo","INDAIATUBA (SP)","Uso Sustentável","3.884","cnuc_2025_08.csv","RPPN","RPPN_SITIO_DAS_PEDRAS"
"RESERVA PARTICULAR DO PATRIMÔNIO NATURAL SÍTIO DO CANTONEIRO","Brazil","São Paulo","MONTEIRO LOBATO (SP)","Uso Sustentável","1.046","cnuc_2025_08.csv","RPPN","RPPN_SITIO_DO_CANTONEIRO"
"RESERVA PARTICULAR DO PATRIMÔNIO NATURAL SÍTIO DO JACU","Brazil","São Paulo","CARAGUATATUBA (SP)","Uso Sustentável","1.045","cnuc_2025_08.csv","RPPN","RPPN_SITIO_DO_JACU"
"RESERVA PARTICULAR DO PATRIMÔNIO NATURAL SÍTIO KON TIKI","Brazil","São Paulo","SANTA RITA DO PASSA QUATRO (SP)","Uso Sustentável","2.72","cnuc_2025_08.csv","RPPN","RPPN_SITIO_KON_TIKI"
"RESERVA PARTICULAR DO PATRIMÔNIO NATURAL SÍTIO MANACA","Brazil","São Paulo","GUARATINGUETÁ (SP)","Uso Sustentável","2.875","cnuc_2025_08.csv","RPPN","RPPN_SITIO_MANACA"
"RESERVA PARTICULAR DO PATRIMÔNIO NATURAL SÍTIO PALMITAL","Brazil","São Paulo","ITÁPOLIS (SP)","Uso Sustentável","1.044","cnuc_2025_08.csv","RPPN","RPPN_SITIO_PALMITAL"
"RESERVA PARTICULAR DO PATRIMÔNIO NATURAL SÍTIO PITHON","Brazil","São Paulo","ARAÇARIGUAMA (SP)","Uso Sustentável","1.052","cnuc_2025_08.csv","RPPN","RPPN_SITIO_PITHON"
"RESERVA PARTICULAR DO PATRIMÔNIO NATURAL SÍTIO PRIMAVERA","Brazil","São Paulo","SÃO LUIZ DO PARAITINGA (SP)","Uso Sustentável","1.076","cnuc_2025_08.csv","RPPN","RPPN_SITIO_PRIMAVERA"
"RESERVA PARTICULAR DO PATRIMÔNIO NATURAL SÍTIO RYAN","Brazil","São Paulo","ITAPEVI (SP)","Uso Sustentável","1.068","cnuc_2025_08.csv","RPPN","RPPN_SITIO_RYAN"
"RESERVA PARTICULAR DO PATRIMÔNIO NATURAL SÍTIO SABIUNA","Brazil","São Paulo","JOANÓPOLIS (SP)","Uso Sustentável","1.069","cnuc_2025_08.csv","RPPN","RPPN_SITIO_SABIUNA"
"RESERVA PARTICULAR DO PATRIMÔNIO NATURAL SÍTIO SÃO JOAQUIM I","Brazil","São Paulo","SÃO BENTO DO SAPUCAÍ (SP)","Uso Sustentável","4.072","cnuc_2025_08.csv","RPPN","RPPN_SITIO_SAO_JOAQUIM_I"
"RESERVA PARTICULAR DO PATRIMÔNIO NATURAL SÍTIO SOLAR DA MONTANHA","Brazil","São Paulo","ATIBAIA (SP)","Uso Sustentável","3.648","cnuc_2025_08.csv","RPPN","RPPN_SITIO_SOLAR_DA_MONTANHA"
"RESERVA PARTICULAR DO PATRIMÔNIO NATURAL SÍTIO TAGUAÍBA II","Brazil","São Paulo","ITANHAÉM (SP)","Uso Sustentável","4.335","cnuc_2025_08.csv","RPPN","RPPN_SITIO_TAGUAIBA_II"
"RESERVA PARTICULAR DO PATRIMÔNIO NATURAL TOCA DA PACA","Brazil","São Paulo","GUATAPARÁ (SP)","Uso Sustentável","2.017","cnuc_2025_08.csv","RPPN","RPPN_TOCA_DA_PACA"
"RESERVA PARTICULAR DO PATRIMÔNIO NATURAL TOQUE TOQUE PEQUENO","Brazil","São Paulo","SÃO SEBASTIÃO (SP)","Uso Sustentável","1.07","cnuc_2025_08.csv","RPPN","RPPN_TOQUE_TOQUE_PEQUENO"
"RESERVA PARTICULAR DO PATRIMÔNIO NATURAL TRANSBAÚ I","Brazil","São Paulo","SÃO BENTO DO SAPUCAÍ (SP)","Uso Sustentável","4.85","cnuc_2025_08.csv","RPPN","RPPN_TRANSBAU_I"
"RESERVA PARTICULAR DO PATRIMÔNIO NATURAL TRÁPAGA","Brazil","São Paulo","SÃO MIGUEL ARCANJO (SP)","Uso Sustentável","3.646","cnuc_2025_08.csv","RPPN","RPPN_TRAPAGA"
"RESERVA PARTICULAR DO PATRIMÔNIO NATURAL TRAVESSIA","Brazil","São Paulo","LAVRINHAS (SP)","Uso Sustentável","4.512","cnuc_2025_08.csv","RPPN","RPPN_TRAVESSIA"
"RESERVA PARTICULAR DO PATRIMÔNIO NATURAL TRILHA COROADOS - FB","Brazil","São Paulo","PRESIDENTE ALVES (SP)","Uso Sustentável","2.224","cnuc_2025_08.csv","RPPN","RPPN_TRILHA_COROADOS_-_FB"
"RESERVA PARTICULAR DO PATRIMÔNIO NATURAL TRILHAS DO CERRADO","Brazil","São Paulo","MONTE ALTO (SP)","Uso Sustentável","4.4","cnuc_2025_08.csv","RPPN","RPPN_TRILHAS_DO_CERRADO"
"RESERVA PARTICULAR DO PATRIMÔNIO NATURAL VALE DO CORISCO","Brazil","São Paulo","ITARARÉ (SP)","Uso Sustentável","2.23","cnuc_2025_08.csv","RPPN","RPPN_VALE_DO_CORISCO"
"RESERVA PARTICULAR DO PATRIMÔNIO NATURAL VALE VERDEJANTE","Brazil","São Paulo","UBARANA (SP)","Uso Sustentável","3.419","cnuc_2025_08.csv","RPPN","RPPN_VALE_VERDEJANTE"
"RESERVA PARTICULAR DO PATRIMÔNIO NATURAL VIDA EM ABUNDÂNCIA","Brazil","São Paulo","SÃO BENTO DO SAPUCAÍ (SP)","Uso Sustentável","4.849","cnuc_2025_08.csv","RPPN","RPPN_VIDA_EM_ABUNDANCIA"
"RESERVA PARTICULAR DO PATRIMÔNIO NATURAL VISTA BONITA","Brazil","São Paulo","SANDOVALINA (SP)","Uso Sustentável","2.236","cnuc_2025_08.csv","RPPN","RPPN_VISTA_BONITA"
"RESERVA PARTICULAR DO PATRIMÔNIO NATURAL VOTURUNA","Brazil","São Paulo","SANTANA DE PARNAÍBA (SP)","Uso Sustentável","2.237","cnuc_2025_08.csv","RPPN","RPPN_VOTURUNA"
"RESERVA PARTICULAR DO PATRIMÔNIO NATURAL VOTURUNA II","Brazil","São Paulo","SANTANA DE PARNAÍBA (SP)","Uso Sustentável","1.071","cnuc_2025_08.csv","RPPN","RPPN_VOTURUNA_II"
"RESERVA PARTICULAR DO PATRIMÔNIO NATURAL VOTURUNA V","Brazil","São Paulo","PIRAPORA DO BOM JESUS (SP)","Uso Sustentável","1.072","cnuc_2025_08.csv","RPPN","RPPN_VOTURUNA_V"
"RESERVA PARTICULAR DO PATRIMÔNIO NATURAL VUTURUSSU","Brazil","São Paulo","SANTANA DE PARNAÍBA (SP)","Uso Sustentável","4.074","cnuc_2025_08.csv","RPPN","RPPN_VUTURUSSU"
