"name1","name2"
"numTombo","numTombo"
"country.correct","country"
"stateProvince.correct","stateProvince"
"municipality.correct","municipality"
"locality","locality"
"bibliographicCitation","bibliographicCitation"
"basisOfRecord","basisOfRecord"
"associatedMedia","associatedMedia"
"fieldNotes","fieldNotes"
"typeStatus","typeStatus"
"barcode","barcode"
"downloadedFrom","downloadedFrom"
"collectionCode.new","collectionCode"
"recordedBy.new","recordedBy"
"recordNumber.new","recordNumber"
"year.new","year"
"identifiedBy.new","identifiedBy"
"yearIdentified.new","yearIdentified"
"recordedBy.aux","recordedBy.aux"
"identifiedBy.aux","identifiedBy.aux"
"latitude.gazetteer","latitude.gazetteer"
"longitude.gazetteer","longitude.gazetteer"
"resolution.gazetteer","resolution.gazetteer"
"decimalLatitude.new","latitude"
"decimalLongitude.new","longitude"
"origin.coord","origin.coord"
"virtualDuplicates","virtualDuplicates"
"duplicates","duplicates"
"dup.ID","dup.ID"
"scientificName.new","scientificName"
"scientificNameAuthorship.new","scientificNameAuthorship"
"scientificNameStatus","scientificNameStatus"
"scientificNameFull","scientificNameFull"
"taxon.rank","taxon.rank"
"tax.notes","tax.notes"
"id","id"
"family.new","family"
"genus.new","genus"
"species.new","species"
